Year,Datetime,Stage,Home Team Name,Home Team Goals,Away Team Goals,Away Team Name,MatchID,Home Team Initials,Away Team Initials
1930,13 Jul 1930 - 15:00 ,Group 1,France,4,1,Mexico,1096,FRA,MEX
1930,13 Jul 1930 - 15:00 ,Group 4,USA,3,0,Belgium,1090,USA,BEL
1930,14 Jul 1930 - 12:45 ,Group 2,Yugoslavia,2,1,Brazil,1093,YUG,BRA
1930,14 Jul 1930 - 14:50 ,Group 3,Romania,3,1,Peru,1098,ROU,PER
1930,15 Jul 1930 - 16:00 ,Group 1,Argentina,1,0,France,1085,ARG,FRA
1930,16 Jul 1930 - 14:45 ,Group 1,Chile,3,0,Mexico,1095,CHI,MEX
1930,17 Jul 1930 - 12:45 ,Group 2,Yugoslavia,4,0,Bolivia,1092,YUG,BOL
1930,17 Jul 1930 - 14:45 ,Group 4,USA,3,0,Paraguay,1097,USA,PAR
1930,18 Jul 1930 - 14:30 ,Group 3,Uruguay,1,0,Peru,1099,URU,PER
1930,19 Jul 1930 - 12:50 ,Group 1,Chile,1,0,France,1094,CHI,FRA
1930,19 Jul 1930 - 15:00 ,Group 1,Argentina,6,3,Mexico,1086,ARG,MEX
1930,20 Jul 1930 - 13:00 ,Group 2,Brazil,4,0,Bolivia,1091,BRA,BOL
1930,20 Jul 1930 - 15:00 ,Group 4,Paraguay,1,0,Belgium,1089,PAR,BEL
1930,21 Jul 1930 - 14:50 ,Group 3,Uruguay,4,0,Romania,1100,URU,ROU
1930,22 Jul 1930 - 14:45 ,Group 1,Argentina,3,1,Chile,1084,ARG,CHI
1930,26 Jul 1930 - 14:45 ,Semi-finals,Argentina,6,1,USA,1088,ARG,USA
1930,27 Jul 1930 - 14:45 ,Semi-finals,Uruguay,6,1,Yugoslavia,1101,URU,YUG
1930,30 Jul 1930 - 14:15 ,Final,Uruguay,4,2,Argentina,1087,URU,ARG
1934,27 May 1934 - 16:30 ,Preliminary round,Austria,3,2,France,1104,AUT,FRA
1934,27 May 1934 - 16:30 ,Preliminary round,Hungary,4,2,Egypt,1119,HUN,EGY
1934,27 May 1934 - 16:30 ,Preliminary round,Switzerland,3,2,Netherlands,1133,SUI,NED
1934,27 May 1934 - 16:30 ,Preliminary round,Sweden,3,2,Argentina,1102,SWE,ARG
1934,27 May 1934 - 16:30 ,Preliminary round,Germany,5,2,Belgium,1108,GER,BEL
1934,27 May 1934 - 16:30 ,Preliminary round,Spain,3,1,Brazil,1111,ESP,BRA
1934,27 May 1934 - 16:30 ,Preliminary round,Italy,7,1,USA,1135,ITA,USA
1934,27 May 1934 - 16:30 ,Preliminary round,Czechoslovakia,2,1,Romania,1141,TCH,ROU
1934,31 May 1934 - 16:30 ,Quarter-finals,Czechoslovakia,3,2,Switzerland,1143,TCH,SUI
1934,31 May 1934 - 16:30 ,Quarter-finals,Germany,2,1,Sweden,1129,GER,SWE
1934,31 May 1934 - 16:30 ,Quarter-finals,Italy,1,1,Spain,1122,ITA,ESP
1934,31 May 1934 - 16:30 ,Quarter-finals,Austria,2,1,Hungary,1106,AUT,HUN
1934,01 Jun 1934 - 16:30 ,Quarter-finals,Italy,1,0,Spain,1123,ITA,ESP
1934,03 Jun 1934 - 16:30 ,Semi-finals,Italy,1,0,Austria,1107,ITA,AUT
1934,03 Jun 1934 - 16:30 ,Semi-finals,Czechoslovakia,3,1,Germany,1130,TCH,GER
1934,07 Jun 1934 - 18:00 ,Match for third place,Germany,3,2,Austria,1105,GER,AUT
1934,10 Jun 1934 - 17:30 ,Final,Italy,2,1,Czechoslovakia,1134,ITA,TCH
1938,04 Jun 1938 - 17:00 ,First round,Switzerland,1,1,Germany,1165,SUI,GER
1938,05 Jun 1938 - 17:00 ,First round,Hungary,6,0,Dutch East Indies,1173,HUN,INH
1938,05 Jun 1938 - 17:00 ,First round,France,3,1,Belgium,1146,FRA,BEL
1938,05 Jun 1938 - 17:00 ,First round,Cuba,3,3,Romania,1156,CUB,ROU
1938,05 Jun 1938 - 17:00 ,First round,Italy,2,1,Norway,1179,ITA,NOR
1938,05 Jun 1938 - 17:30 ,First round,Brazil,6,5,Poland,1150,BRA,POL
1938,05 Jun 1938 - 18:30 ,First round,Czechoslovakia,3,0,Netherlands,1172,TCH,NED
1938,09 Jun 1938 - 18:00 ,First round,Cuba,2,1,Romania,1157,CUB,ROU
1938,09 Jun 1938 - 18:00 ,First round,Switzerland,4,2,Germany,1166,SUI,GER
1938,12 Jun 1938 - 17:00 ,Quarter-finals,Brazil,1,1,Czechoslovakia,1152,BRA,TCH
1938,12 Jun 1938 - 17:00 ,Quarter-finals,Hungary,2,0,Switzerland,1175,HUN,SUI
1938,12 Jun 1938 - 17:00 ,Quarter-finals,Sweden,8,0,Cuba,1158,SWE,CUB
1938,12 Jun 1938 - 17:00 ,Quarter-finals,Italy,3,1,France,1164,ITA,FRA
1938,14 Jun 1938 - 18:00 ,Quarter-finals,Brazil,2,1,Czechoslovakia,1153,BRA,TCH
1938,16 Jun 1938 - 18:00 ,Semi-finals,Hungary,5,1,Sweden,1176,HUN,SWE
1938,16 Jun 1938 - 18:00 ,Semi-finals,Italy,2,1,Brazil,1149,ITA,BRA
1938,19 Jun 1938 - 17:00 ,Match for third place,Brazil,4,2,Sweden,1151,BRA,SWE
1938,19 Jun 1938 - 17:00 ,Final,Italy,4,2,Hungary,1174,ITA,HUN
1950,24 Jun 1950 - 15:00 ,Group 1,Brazil,4,0,Mexico,1187,BRA,MEX
1950,25 Jun 1950 - 15:00 ,Group 2,England,2,0,Chile,1192,ENG,CHI
1950,25 Jun 1950 - 15:00 ,Group 2,Spain,3,1,USA,1208,ESP,USA
1950,25 Jun 1950 - 15:00 ,Group 3,Sweden,3,2,Italy,1219,SWE,ITA
1950,25 Jun 1950 - 15:00 ,Group 1,Yugoslavia,3,0,Switzerland,1230,YUG,SUI
1950,28 Jun 1950 - 15:00 ,Group 1,Brazil,2,2,Switzerland,1188,BRA,SUI
1950,28 Jun 1950 - 15:00 ,Group 1,Yugoslavia,4,1,Mexico,1225,YUG,MEX
1950,29 Jun 1950 - 15:00 ,Group 2,Spain,2,0,Chile,1193,ESP,CHI
1950,29 Jun 1950 - 15:30 ,Group 3,Sweden,2,2,Paraguay,1228,SWE,PAR
1950,29 Jun 1950 - 15:00 ,Group 2,USA,1,0,England,1202,USA,ENG
1950,01 Jul 1950 - 15:00 ,Group 1,Brazil,2,0,Yugoslavia,1191,BRA,YUG
1950,02 Jul 1950 - 15:00 ,Group 2,Spain,1,0,England,1199,ESP,ENG
1950,02 Jul 1950 - 15:00 ,Group 3,Italy,2,0,Paraguay,1218,ITA,PAR
1950,02 Jul 1950 - 15:00 ,Group 4,Uruguay,8,0,Bolivia,1185,URU,BOL
1950,02 Jul 1950 - 15:40 ,Group 1,Switzerland,2,1,Mexico,1222,SUI,MEX
1950,02 Jul 1950 - 15:00 ,Group 2,Chile,5,2,USA,1194,CHI,USA
1950,09 Jul 1950 - 15:00 ,Group 6,Uruguay,2,2,Spain,1207,URU,ESP
1950,09 Jul 1950 - 15:00 ,Group 6,Brazil,7,1,Sweden,1189,BRA,SWE
1950,13 Jul 1950 - 15:00 ,Group 6,Brazil,6,1,Spain,1186,BRA,ESP
1950,13 Jul 1950 - 15:00 ,Group 6,Uruguay,3,2,Sweden,1231,URU,SWE
1950,16 Jul 1950 - 15:00 ,Group 6,Sweden,3,1,Spain,1206,SWE,ESP
1950,16 Jul 1950 - 15:00 ,Group 6,Uruguay,2,1,Brazil,1190,URU,BRA
1954,16 Jun 1954 - 18:00 ,Group 3,Uruguay,2,0,Czechoslovakia,1315,URU,TCH
1954,16 Jun 1954 - 18:00 ,Group 3,Austria,1,0,Scotland,1236,AUT,SCO
1954,16 Jun 1954 - 18:00 ,Group 1,Brazil,5,0,Mexico,1249,BRA,MEX
1954,16 Jun 1954 - 18:00 ,Group 1,Yugoslavia,1,0,France,1276,YUG,FRA
1954,17 Jun 1954 - 18:00 ,Group 2,Germany FR,4,1,Turkey,1283,FRG,TUR
1954,17 Jun 1954 - 18:00 ,Group 2,Hungary,9,0,Korea Republic,1294,HUN,KOR
1954,17 Jun 1954 - 18:10 ,Group 4,England,4,4,Belgium,1240,ENG,BEL
1954,17 Jun 1954 - 17:50 ,Group 4,Switzerland,2,1,Italy,1300,SUI,ITA
1954,19 Jun 1954 - 16:50 ,Group 3,Uruguay,7,0,Scotland,1313,URU,SCO
1954,19 Jun 1954 - 17:00 ,Group 3,Austria,5,0,Czechoslovakia,1238,AUT,TCH
1954,19 Jun 1954 - 17:10 ,Group 1,France,3,2,Mexico,1275,FRA,MEX
1954,19 Jun 1954 - 17:00 ,Group 1,Brazil,1,1,Yugoslavia,1252,BRA,YUG
1954,20 Jun 1954 - 16:50 ,Group 2,Hungary,8,3,Germany FR,1277,HUN,FRG
1954,20 Jun 1954 - 17:00 ,Group 2,Turkey,7,0,Korea Republic,1304,TUR,KOR
1954,20 Jun 1954 - 17:10 ,Group 4,England,2,0,Switzerland,1263,ENG,SUI
1954,20 Jun 1954 - 17:00 ,Group 4,Italy,4,1,Belgium,1243,ITA,BEL
1954,23 Jun 1954 - 18:00 ,Group 2,Germany FR,7,2,Turkey,1284,FRG,TUR
1954,23 Jun 1954 - 18:00 ,Group 4,Switzerland,4,1,Italy,1301,SUI,ITA
1954,26 Jun 1954 - 17:00 ,Quarter-finals,Uruguay,4,2,England,1264,URU,ENG
1954,26 Jun 1954 - 17:00 ,Quarter-finals,Austria,7,5,Switzerland,1237,AUT,SUI
1954,27 Jun 1954 - 17:00 ,Quarter-finals,Germany FR,2,0,Yugoslavia,1285,FRG,YUG
1954,27 Jun 1954 - 17:00 ,Quarter-finals,Hungary,4,2,Brazil,1248,HUN,BRA
1954,30 Jun 1954 - 18:00 ,Semi-finals,Germany FR,6,1,Austria,1233,FRG,AUT
1954,30 Jun 1954 - 18:00 ,Semi-finals,Hungary,4,2,Uruguay,1295,HUN,URU
1954,03 Jul 1954 - 17:00 ,Match for third place,Austria,3,1,Uruguay,1239,AUT,URU
1954,04 Jul 1954 - 17:00 ,Final,Germany FR,3,2,Hungary,1278,FRG,HUN
1958,08 Jun 1958 - 14:00 ,Group 3,Sweden,3,0,Mexico,1415,SWE,MEX
1958,08 Jun 1958 - 19:00 ,Group 4,Soviet Union,2,2,England,1372,URS,ENG
1958,08 Jun 1958 - 19:00 ,Group 1,Argentina,1,3,Germany FR,1323,ARG,FRG
1958,08 Jun 1958 - 19:00 ,Group 3,Hungary,1,1,Wales,1407,HUN,WAL
1958,08 Jun 1958 - 19:00 ,Group 2,France,7,3,Paraguay,1386,FRA,PAR
1958,08 Jun 1958 - 19:00 ,Group 2,Yugoslavia,1,1,Scotland,1434,YUG,SCO
1958,08 Jun 1958 - 19:00 ,Group 4,Brazil,3,0,Austria,1326,BRA,AUT
1958,08 Jun 1958 - 19:00 ,Group 1,Northern Ireland,1,0,Czechoslovakia,1421,NIR,TCH
1958,11 Jun 1958 - 19:00 ,Group 4,Brazil,0,0,England,1339,BRA,ENG
1958,11 Jun 1958 - 19:00 ,Group 3,Mexico,1,1,Wales,1418,MEX,WAL
1958,11 Jun 1958 - 19:00 ,Group 2,Paraguay,3,2,Scotland,1423,PAR,SCO
1958,11 Jun 1958 - 19:00 ,Group 2,Yugoslavia,3,2,France,1388,YUG,FRA
1958,11 Jun 1958 - 19:00 ,Group 4,Soviet Union,2,0,Austria,1332,URS,AUT
1958,11 Jun 1958 - 19:00 ,Group 1,Germany FR,2,2,Czechoslovakia,1391,FRG,TCH
1958,11 Jun 1958 - 19:00 ,Group 1,Argentina,3,1,Northern Ireland,1324,ARG,NIR
1958,12 Jun 1958 - 19:00 ,Group 3,Sweden,2,1,Hungary,1406,SWE,HUN
1958,15 Jun 1958 - 14:00 ,Group 3,Sweden,0,0,Wales,1438,SWE,WAL
1958,15 Jun 1958 - 19:00 ,Group 4,Brazil,2,0,Soviet Union,1344,BRA,URS
1958,15 Jun 1958 - 19:00 ,Group 1,Germany FR,2,2,Northern Ireland,1389,FRG,NIR
1958,15 Jun 1958 - 19:00 ,Group 3,Hungary,4,0,Mexico,1403,HUN,MEX
1958,15 Jun 1958 - 19:00 ,Group 2,Paraguay,3,3,Yugoslavia,1426,PAR,YUG
1958,15 Jun 1958 - 19:00 ,Group 2,France,2,1,Scotland,1387,FRA,SCO
1958,15 Jun 1958 - 19:00 ,Group 4,England,2,2,Austria,1327,ENG,AUT
1958,15 Jun 1958 - 19:00 ,Group 1,Czechoslovakia,6,1,Argentina,1325,TCH,ARG
1958,17 Jun 1958 - 19:00 ,Group 4,Soviet Union,1,0,England,1373,URS,ENG
1958,17 Jun 1958 - 19:00 ,Group 1,Northern Ireland,2,1,Czechoslovakia,1422,NIR,TCH
1958,17 Jun 1958 - 19:00 ,Group 3,Wales,2,1,Hungary,1408,WAL,HUN
1958,19 Jun 1958 - 19:00 ,Quarter-finals,Brazil,1,0,Wales,1345,BRA,WAL
1958,19 Jun 1958 - 19:00 ,Quarter-finals,Germany FR,1,0,Yugoslavia,1392,FRG,YUG
1958,19 Jun 1958 - 19:00 ,Quarter-finals,Sweden,2,0,Soviet Union,1437,SWE,URS
1958,19 Jun 1958 - 19:00 ,Quarter-finals,France,4,0,Northern Ireland,1385,FRA,NIR
1958,24 Jun 1958 - 19:00 ,Semi-finals,Sweden,3,1,Germany FR,1390,SWE,FRG
1958,24 Jun 1958 - 19:00 ,Semi-finals,Brazil,5,2,France,1340,BRA,FRA
1958,28 Jun 1958 - 17:00 ,Match for third place,France,6,3,Germany FR,1382,FRA,FRG
1958,29 Jun 1958 - 15:00 ,Final,Brazil,5,2,Sweden,1343,BRA,SWE
1962,30 May 1962 - 15:00 ,Group 1,Uruguay,2,1,Colombia,1479,URU,COL
1962,30 May 1962 - 15:00 ,Group 3,Brazil,2,0,Mexico,1461,BRA,MEX
1962,30 May 1962 - 15:00 ,Group 4,Argentina,1,0,Bulgaria,1447,ARG,BUL
1962,30 May 1962 - 15:00 ,Group 2,Chile,3,1,Switzerland,1473,CHI,SUI
1962,31 May 1962 - 15:00 ,Group 1,Soviet Union,2,0,Yugoslavia,1563,URS,YUG
1962,31 May 1962 - 15:00 ,Group 3,Czechoslovakia,1,0,Spain,1498,TCH,ESP
1962,31 May 1962 - 15:00 ,Group 4,Hungary,2,1,England,1490,HUN,ENG
1962,31 May 1962 - 15:00 ,Group 2,Germany FR,0,0,Italy,1507,FRG,ITA
1962,02 Jun 1962 - 15:00 ,Group 1,Yugoslavia,3,1,Uruguay,1564,YUG,URU
1962,02 Jun 1962 - 15:00 ,Group 3,Brazil,0,0,Czechoslovakia,1462,BRA,TCH
1962,02 Jun 1962 - 15:00 ,Group 4,England,3,1,Argentina,1450,ENG,ARG
1962,02 Jun 1962 - 15:00 ,Group 2,Chile,2,0,Italy,1472,CHI,ITA
1962,03 Jun 1962 - 15:00 ,Group 1,Soviet Union,4,4,Colombia,1478,URS,COL
1962,03 Jun 1962 - 15:00 ,Group 3,Spain,1,0,Mexico,1497,ESP,MEX
1962,03 Jun 1962 - 15:00 ,Group 4,Hungary,6,1,Bulgaria,1470,HUN,BUL
1962,03 Jun 1962 - 15:00 ,Group 2,Germany FR,2,1,Switzerland,1510,FRG,SUI
1962,06 Jun 1962 - 15:00 ,Group 1,Soviet Union,2,1,Uruguay,1562,URS,URU
1962,06 Jun 1962 - 15:00 ,Group 3,Brazil,2,1,Spain,1460,BRA,ESP
1962,06 Jun 1962 - 15:00 ,Group 4,Hungary,0,0,Argentina,1451,HUN,ARG
1962,06 Jun 1962 - 15:00 ,Group 2,Germany FR,2,0,Chile,1471,FRG,CHI
1962,07 Jun 1962 - 15:00 ,Group 1,Yugoslavia,5,0,Colombia,1480,YUG,COL
1962,07 Jun 1962 - 15:00 ,Group 3,Mexico,3,1,Czechoslovakia,1544,MEX,TCH
1962,07 Jun 1962 - 15:00 ,Group 4,England,0,0,Bulgaria,1464,ENG,BUL
1962,07 Jun 1962 - 15:00 ,Group 2,Italy,3,0,Switzerland,1532,ITA,SUI
1962,10 Jun 1962 - 14:30 ,Quarter-finals,Chile,2,1,Soviet Union,1474,CHI,URS
1962,10 Jun 1962 - 14:30 ,Quarter-finals,Brazil,3,1,England,1459,BRA,ENG
1962,10 Jun 1962 - 14:30 ,Quarter-finals,Czechoslovakia,1,0,Hungary,1525,TCH,HUN
1962,10 Jun 1962 - 14:30 ,Quarter-finals,Yugoslavia,1,0,Germany FR,1511,YUG,FRG
1962,13 Jun 1962 - 14:30 ,Semi-finals,Czechoslovakia,3,1,Yugoslavia,1559,TCH,YUG
1962,13 Jun 1962 - 14:30 ,Semi-finals,Brazil,4,2,Chile,1458,BRA,CHI
1962,16 Jun 1962 - 14:30 ,Match for third place,Chile,1,0,Yugoslavia,1475,CHI,YUG
1962,17 Jun 1962 - 14:30 ,Final,Brazil,3,1,Czechoslovakia,1463,BRA,TCH
1966,11 Jul 1966 - 19:30 ,Group 1,England,0,0,Uruguay,1636,ENG,URU
1966,12 Jul 1966 - 19:30 ,Group 2,Germany FR,5,0,Switzerland,1656,FRG,SUI
1966,12 Jul 1966 - 19:30 ,Group 3,Brazil,2,0,Bulgaria,1596,BRA,BUL
1966,12 Jul 1966 - 19:30 ,Group 4,Soviet Union,3,0,Korea DPR,1710,URS,PRK
1966,13 Jul 1966 - 19:30 ,Group 1,France,1,1,Mexico,1650,FRA,MEX
1966,13 Jul 1966 - 19:30 ,Group 3,Portugal,3,1,Hungary,1675,POR,HUN
1966,13 Jul 1966 - 19:30 ,Group 2,Argentina,2,1,Spain,1578,ARG,ESP
1966,13 Jul 1966 - 19:30 ,Group 4,Italy,2,0,Chile,1608,ITA,CHI
1966,15 Jul 1966 - 19:30 ,Group 1,Uruguay,2,1,France,1653,URU,FRA
1966,15 Jul 1966 - 19:30 ,Group 2,Spain,2,1,Switzerland,1641,ESP,SUI
1966,15 Jul 1966 - 19:30 ,Group 3,Hungary,3,1,Brazil,1597,HUN,BRA
1966,15 Jul 1966 - 19:30 ,Group 4,Korea DPR,1,1,Chile,1609,PRK,CHI
1966,16 Jul 1966 - 15:00 ,Group 3,Portugal,3,0,Bulgaria,1602,POR,BUL
1966,16 Jul 1966 - 15:00 ,Group 2,Germany FR,0,0,Argentina,1579,FRG,ARG
1966,16 Jul 1966 - 15:00 ,Group 4,Soviet Union,1,0,Italy,1682,URS,ITA
1966,16 Jul 1966 - 19:30 ,Group 1,England,2,0,Mexico,1634,ENG,MEX
1966,19 Jul 1966 - 16:30 ,Group 1,Uruguay,0,0,Mexico,1689,URU,MEX
1966,19 Jul 1966 - 19:30 ,Group 2,Argentina,2,0,Switzerland,1582,ARG,SUI
1966,19 Jul 1966 - 19:30 ,Group 3,Portugal,3,1,Brazil,1598,POR,BRA
1966,19 Jul 1966 - 19:30 ,Group 4,Korea DPR,1,0,Italy,1679,PRK,ITA
1966,20 Jul 1966 - 19:30 ,Group 1,England,2,0,France,1632,ENG,FRA
1966,20 Jul 1966 - 19:30 ,Group 3,Hungary,3,1,Bulgaria,1599,HUN,BUL
1966,20 Jul 1966 - 19:30 ,Group 2,Germany FR,2,1,Spain,1637,FRG,ESP
1966,20 Jul 1966 - 19:30 ,Group 4,Soviet Union,2,1,Chile,1610,URS,CHI
1966,23 Jul 1966 - 15:00 ,Quarter-finals,England,1,0,Argentina,1577,ENG,ARG
1966,23 Jul 1966 - 15:00 ,Quarter-finals,Germany FR,4,0,Uruguay,1660,FRG,URU
1966,23 Jul 1966 - 15:00 ,Quarter-finals,Soviet Union,2,1,Hungary,1676,URS,HUN
1966,23 Jul 1966 - 15:00 ,Quarter-finals,Portugal,5,3,Korea DPR,1702,POR,PRK
1966,25 Jul 1966 - 19:30 ,Semi-finals,Germany FR,2,1,Soviet Union,1659,FRG,URS
1966,26 Jul 1966 - 19:30 ,Semi-finals,England,2,1,Portugal,1635,ENG,POR
1966,28 Jul 1966 - 19:30 ,Match for third place,Portugal,2,1,Soviet Union,1709,POR,URS
1966,30 Jul 1966 - 15:00 ,Final,England,4,2,Germany FR,1633,ENG,FRG
1970,31 May 1970 - 12:00 ,Group 1,Mexico,0,0,Soviet Union,1902,MEX,URS
1970,02 Jun 1970 - 16:00 ,Group 2,Uruguay,2,0,Israel,1881,URU,ISR
1970,02 Jun 1970 - 16:00 ,Group 4,Peru,3,2,Bulgaria,1780,PER,BUL
1970,02 Jun 1970 - 16:00 ,Group 3,England,1,0,Romania,1812,ENG,ROU
1970,03 Jun 1970 - 16:00 ,Group 2,Italy,1,0,Sweden,1883,ITA,SWE
1970,03 Jun 1970 - 16:00 ,Group 4,Germany FR,2,1,Morocco,1839,FRG,MAR
1970,03 Jun 1970 - 16:00 ,Group 3,Brazil,4,1,Czechoslovakia,1770,BRA,TCH
1970,03 Jun 1970 - 16:00 ,Group 1,Belgium,3,0,El Salvador,1747,BEL,SLV
1970,06 Jun 1970 - 16:00 ,Group 2,Uruguay,0,0,Italy,1884,URU,ITA
1970,06 Jun 1970 - 16:00 ,Group 4,Peru,3,0,Morocco,1893,PER,MAR
1970,06 Jun 1970 - 16:00 ,Group 3,Romania,2,1,Czechoslovakia,1919,ROU,TCH
1970,06 Jun 1970 - 16:00 ,Group 1,Soviet Union,4,1,Belgium,1753,URS,BEL
1970,07 Jun 1970 - 12:00 ,Group 2,Sweden,1,1,Israel,1880,SWE,ISR
1970,07 Jun 1970 - 12:00 ,Group 4,Germany FR,5,2,Bulgaria,1774,FRG,BUL
1970,07 Jun 1970 - 12:00 ,Group 3,Brazil,1,0,England,1764,BRA,ENG
1970,07 Jun 1970 - 12:00 ,Group 1,Mexico,4,0,El Salvador,1820,MEX,SLV
1970,10 Jun 1970 - 16:00 ,Group 2,Sweden,1,0,Uruguay,1922,SWE,URU
1970,10 Jun 1970 - 16:00 ,Group 4,Germany FR,3,1,Peru,1840,FRG,PER
1970,10 Jun 1970 - 16:00 ,Group 3,Brazil,3,2,Romania,1769,BRA,ROU
1970,10 Jun 1970 - 16:00 ,Group 1,Soviet Union,2,0,El Salvador,1823,URS,SLV
1970,11 Jun 1970 - 16:00 ,Group 2,Italy,0,0,Israel,1877,ITA,ISR
1970,11 Jun 1970 - 16:00 ,Group 4,Bulgaria,1,1,Morocco,1779,BUL,MAR
1970,11 Jun 1970 - 16:00 ,Group 3,England,1,0,Czechoslovakia,1813,ENG,TCH
1970,11 Jun 1970 - 16:00 ,Group 1,Mexico,1,0,Belgium,1752,MEX,BEL
1970,14 Jun 1970 - 12:00 ,Quarter-finals,Italy,4,1,Mexico,1882,ITA,MEX
1970,14 Jun 1970 - 12:00 ,Quarter-finals,Germany FR,3,2,England,1811,FRG,ENG
1970,14 Jun 1970 - 12:00 ,Quarter-finals,Brazil,4,2,Peru,1768,BRA,PER
1970,14 Jun 1970 - 12:00 ,Quarter-finals,Uruguay,1,0,Soviet Union,1925,URU,URS
1970,17 Jun 1970 - 16:00 ,Semi-finals,Brazil,3,1,Uruguay,1771,BRA,URU
1970,17 June 1970 - 16:00 ,Semi-finals,Italy,4,3,Germany FR,1838,ITA,FRG
1970,20 Jun 1970 - 16:00 ,Match for third place,Germany FR,1,0,Uruguay,1843,FRG,URU
1970,21 Jun 1970 - 12:00 ,Final,Brazil,4,1,Italy,1765,BRA,ITA
1974,13 Jun 1974 - 17:00 ,Group 2,Brazil,0,0,Yugoslavia,1986,BRA,YUG
1974,14 Jun 1974 - 16:00 ,Group 1,Germany FR,1,0,Chile,2003,FRG,CHI
1974,14 Jun 1974 - 19:30 ,Group 1,German DR,2,0,Australia,1955,GDR,AUS
1974,14 Jun 1974 - 19:30 ,Group 2,Zaire,0,2,Scotland,2176,ZAI,SCO
1974,15 Jun 1974 - 16:00 ,Group 3,Uruguay,0,2,Netherlands,2098,URU,NED
1974,15 Jun 1974 - 16:00 ,Group 3,Sweden,0,0,Bulgaria,1995,SWE,BUL
1974,15 Jun 1974 - 18:00 ,Group 4,Italy,3,1,Haiti,2083,ITA,HAI
1974,15 Jun 1974 - 18:00 ,Group 4,Poland,3,2,Argentina,1952,POL,ARG
1974,18 Jun 1974 - 16:00 ,Group 1,Australia,0,3,Germany FR,1954,AUS,FRG
1974,18 Jun 1974 - 19:30 ,Group 2,Scotland,0,0,Brazil,1985,SCO,BRA
1974,18 Jun 1974 - 19:30 ,Group 1,Chile,1,1,German DR,2004,CHI,GDR
1974,18 Jun 1974 - 19:30 ,Group 2,Yugoslavia,9,0,Zaire,2186,YUG,ZAI
1974,19 Jun 1974 - 19:30 ,Group 3,Netherlands,0,0,Sweden,2097,NED,SWE
1974,19 Jun 1974 - 19:30 ,Group 3,Bulgaria,1,1,Uruguay,1996,BUL,URU
1974,19 Jun 1974 - 19:30 ,Group 4,Haiti,0,7,Poland,2085,HAI,POL
1974,19 Jun 1974 - 19:30 ,Group 4,Argentina,1,1,Italy,1949,ARG,ITA
1974,22 Jun 1974 - 16:00 ,Group 2,Scotland,1,1,Yugoslavia,2175,SCO,YUG
1974,22 Jun 1974 - 16:00 ,Group 1,Australia,0,0,Chile,1953,AUS,CHI
1974,22 Jun 1974 - 16:00 ,Group 2,Zaire,0,3,Brazil,1987,ZAI,BRA
1974,22 June 1974 - 19:30 ,Group 1,German DR,1,0,Germany FR,2062,GDR,FRG
1974,23 Jun 1974 - 16:00 ,Group 3,Bulgaria,1,4,Netherlands,1990,BUL,NED
1974,23 Jun 1974 - 16:00 ,Group 4,Argentina,4,1,Haiti,1947,ARG,HAI
1974,23 Jun 1974 - 16:00 ,Group 3,Sweden,3,0,Uruguay,2181,SWE,URU
1974,23 Jun 1974 - 16:00 ,Group 4,Poland,2,1,Italy,2129,POL,ITA
1974,26 Jun 1974 - 16:00 ,Group B,Yugoslavia,0,2,Germany FR,2066,YUG,FRG
1974,26 Jun 1974 - 19:30 ,Group A,Brazil,1,0,German DR,1982,BRA,GDR
1974,26 Jun 1974 - 19:30 ,Group A,Netherlands,4,0,Argentina,1948,NED,ARG
1974,26 Jun 1974 - 19:30 ,Group B,Sweden,0,1,Poland,2167,SWE,POL
1974,30 Jun 1974 - 16:00 ,Group A,Argentina,1,2,Brazil,1945,ARG,BRA
1974,30 Jun 1974 - 16:00 ,Group B,Poland,2,1,Yugoslavia,2170,POL,YUG
1974,30 Jun 1974 - 16:00 ,Group A,German DR,0,2,Netherlands,2067,GDR,NED
1974,30 Jun 1974 - 19:30 ,Group B,Germany FR,4,2,Sweden,2065,FRG,SWE
1974,03 Jul 1974 - 17:00 ,Group B,Poland,0,1,Germany FR,2064,POL,FRG
1974,03 Jul 1974 - 19:30 ,Group A,Netherlands,2,0,Brazil,1983,NED,BRA
1974,03 Jul 1974 - 19:30 ,Group A,Argentina,1,1,German DR,1946,ARG,GDR
1974,03 Jul 1974 - 19:30 ,Group B,Sweden,2,1,Yugoslavia,2182,SWE,YUG
1974,06 Jul 1974 - 16:00 ,Match for third place,Brazil,0,1,Poland,1984,BRA,POL
1974,07 July 1974 - 16:00 ,Final,Netherlands,1,2,Germany FR,2063,NED,FRG
1978,01 Jun 1978 - 15:00 ,Group 2,Germany FR,0,0,Poland,2351,FRG,POL
1978,02 Jun 1978 - 13:45 ,Group 1,Italy,2,1,France,2347,ITA,FRA
1978,02 Jun 1978 - 16:45 ,Group 2,Tunisia,3,1,Mexico,2433,TUN,MEX
1978,02 Jun 1978 - 19:15 ,Group 1,Argentina,2,1,Hungary,2199,ARG,HUN
1978,03 Jun 1978 - 13:45 ,Group 3,Sweden,1,1,Brazil,2253,SWE,BRA
1978,03 Jun 1978 - 13:45 ,Group 3,Austria,2,1,Spain,2216,AUT,ESP
1978,03 Jun 1978 - 16:45 ,Group 4,Peru,3,1,Scotland,2451,PER,SCO
1978,03 Jun 1978 - 16:45 ,Group 4,Netherlands,3,0,IR Iran,2388,NED,IRN
1978,06 Jun 1978 - 13:45 ,Group 1,Italy,3,1,Hungary,2396,ITA,HUN
1978,06 Jun 1978 - 16:45 ,Group 2,Poland,1,0,Tunisia,2454,POL,TUN
1978,06 Jun 1978 - 16:45 ,Group 2,Germany FR,6,0,Mexico,2350,FRG,MEX
1978,06 Jun 1978 - 19:15 ,Group 1,Argentina,2,1,France,2197,ARG,FRA
1978,07 Jun 1978 - 13:45 ,Group 3,Brazil,0,0,Spain,2246,BRA,ESP
1978,07 Jun 1978 - 13:45 ,Group 3,Austria,1,0,Sweden,2224,AUT,SWE
1978,07 Jun 1978 - 16:45 ,Group 4,Scotland,1,1,IR Iran,2408,SCO,IRN
1978,07 Jun 1978 - 16:45 ,Group 4,Netherlands,0,0,Peru,2394,NED,PER
1978,10 Jun 1978 - 15:10 ,Group 1,France,3,1,Hungary,2344,FRA,HUN
1978,10 Jun 1978 - 16:45 ,Group 2,Poland,3,1,Mexico,2431,POL,MEX
1978,10 Jun 1978 - 16:45 ,Group 2,Germany FR,0,0,Tunisia,2352,FRG,TUN
1978,10 Jun 1978 - 19:15 ,Group 1,Italy,1,0,Argentina,2200,ITA,ARG
1978,11 Jun 1978 - 13:45 ,Group 3,Brazil,1,0,Austria,2215,BRA,AUT
1978,11 Jun 1978 - 13:45 ,Group 3,Spain,1,0,Sweden,2337,ESP,SWE
1978,11 Jun 1978 - 16:45 ,Group 4,Peru,4,1,Iran,2405,PER,IRN
1978,11 Jun 1978 - 16:45 ,Group 4,Scotland,3,2,Netherlands,2395,SCO,NED
1978,14 Jun 1978 - 13:45 ,Group A,Germany FR,0,0,Italy,2349,FRG,ITA
1978,14 Jun 1978 - 13:45 ,Group A,Netherlands,5,1,Austria,2220,NED,AUT
1978,14 Jun 1978 - 16:45 ,Group B,Brazil,3,0,Peru,2251,BRA,PER
1978,14 Jun 1978 - 19:15 ,Group B,Argentina,2,0,Poland,2202,ARG,POL
1978,18 Jun 1978 - 13:45 ,Group B,Poland,1,0,Peru,2450,POL,PER
1978,18 Jun 1978 - 16:45 ,Group A,Italy,1,0,Austria,2221,ITA,AUT
1978,18 Jun 1978 - 16:45 ,Group A,Germany FR,2,2,Netherlands,2348,FRG,NED
1978,18 Jun 1978 - 19:15 ,Group B,Argentina,0,0,Brazil,2196,ARG,BRA
1978,21 Jun 1978 - 13:45 ,Group A,Netherlands,2,1,Italy,2391,NED,ITA
1978,21 Jun 1978 - 13:45 ,Group A,Austria,3,2,Germany FR,2217,AUT,FRG
1978,21 Jun 1978 - 16:45 ,Group B,Brazil,3,1,Poland,2252,BRA,POL
1978,21 Jun 1978 - 19:15 ,Group B,Argentina,6,0,Peru,2201,ARG,PER
1978,24 Jun 1978 - 15:00 ,Match for third place,Brazil,2,1,Italy,2247,BRA,ITA
1978,25 Jun 1978 - 15:00 ,Final,Argentina,3,1,Netherlands,2198,ARG,NED
1982,13 Jun 1982 - 20:00 ,Group 3,Argentina,0,1,Belgium,749,ARG,BEL
1982,14 Jun 1982 - 17:15 ,Group 1,Italy,0,0,Poland,995,ITA,POL
1982,14 Jun 1982 - 21:00 ,Group 6,Brazil,2,1,Soviet Union,791,BRA,URS
1982,15 Jun 1982 - 17:15 ,Group 1,Peru,0,0,Cameroon,833,PER,CMR
1982,15 Jun 1982 - 21:00 ,Group 3,Hungary,10,1,El Salvador,896,HUN,SLV
1982,15 Jun 1982 - 21:00 ,Group 6,Scotland,5,2,New Zealand,1051,SCO,NZL
1982,16 Jun 1982 - 17:15 ,Group 2,Germany FR,1,2,Algeria,741,FRG,ALG
1982,16 Jun 1982 - 17:15 ,Group 4,England,3,1,France,878,ENG,FRA
1982,16 Jun 1982 - 21:00 ,Group 5,Spain,1,1,Honduras,901,ESP,HON
1982,17 Jun 1982 - 17:15 ,Group 2,Chile,0,1,Austria,764,CHI,AUT
1982,17 Jun 1982 - 17:45 ,Group 4,Czechoslovakia,1,1,Kuwait,1012,TCH,KUW
1982,17 Jun 1982 - 21:00 ,Group 5,Yugoslavia,0,0,Northern Ireland,1044,YUG,NIR
1982,18 Jun 1982 - 17:15 ,Group 1,Italy,1,1,Peru,994,ITA,PER
1982,18 Jun 1982 - 21:00 ,Group 3,Argentina,4,1,Hungary,752,ARG,HUN
1982,18 Jun 1982 - 21:00 ,Group 6,Brazil,4,1,Scotland,790,BRA,SCO
1982,19 Jun 1982 - 19:15 ,Group 1,Poland,0,0,Cameroon,834,POL,CMR
1982,19 Jun 1982 - 21:00 ,Group 3,Belgium,1,0,El Salvador,774,BEL,SLV
1982,19 Jun 1982 - 21:00 ,Group 6,Soviet Union,3,0,New Zealand,1054,URS,NZL
1982,20 Jun 1982 - 17:15 ,Group 2,Germany FR,4,1,Chile,813,FRG,CHI
1982,20 Jun 1982 - 17:15 ,Group 4,England,2,0,Czechoslovakia,889,ENG,TCH
1982,20 Jun 1982 - 21:00 ,Group 5,Spain,2,1,Yugoslavia,903,ESP,YUG
1982,21 Jun 1982 - 17:15 ,Group 2,Algeria,0,2,Austria,739,ALG,AUT
1982,21 Jun 1982 - 17:15 ,Group 4,France,4,1,Kuwait,919,FRA,KUW
1982,21 Jun 1982 - 21:00 ,Group 5,Honduras,1,1,Northern Ireland,959,HON,NIR
1982,22 Jun 1982 - 17:15 ,Group 1,Poland,5,1,Peru,1055,POL,PER
1982,22 Jun 1982 - 21:00 ,Group 3,Belgium,1,1,Hungary,779,BEL,HUN
1982,22 Jun 1982 - 21:00 ,Group 6,Soviet Union,2,2,Scotland,1071,URS,SCO
1982,23 Jun 1982 - 17:15 ,Group 1,Italy,1,1,Cameroon,828,ITA,CMR
1982,23 Jun 1982 - 21:00 ,Group 3,Argentina,2,0,El Salvador,751,ARG,SLV
1982,23 Jun 1982 - 21:00 ,Group 6,Brazil,4,0,New Zealand,789,BRA,NZL
1982,24 Jun 1982 - 17:15 ,Group 2,Algeria,3,2,Chile,740,ALG,CHI
1982,24 Jun 1982 - 17:15 ,Group 4,France,1,1,Czechoslovakia,922,FRA,TCH
1982,24 Jun 1982 - 21:00 ,Group 5,Honduras,0,1,Yugoslavia,962,HON,YUG
1982,25 Jun 1982 - 17:15 ,Group 2,Germany FR,1,0,Austria,770,FRG,AUT
1982,25 Jun 1982 - 17:15 ,Group 4,England,1,0,Kuwait,882,ENG,KUW
1982,25 Jun 1982 - 21:00 ,Group 5,Northern Ireland,1,0,Spain,902,NIR,ESP
1982,28 Jun 1982 - 17:15 ,Group 4,Austria,0,1,France,767,AUT,FRA
1982,28 Jun 1982 - 21:00 ,Group 1,Poland,3,0,Belgium,782,POL,BEL
1982,29 Jun 1982 - 17:15 ,Group 3,Italy,2,1,Argentina,753,ITA,ARG
1982,29 Jun 1982 - 21:00 ,Group 2,Germany FR,0,0,England,879,FRG,ENG
1982,01 Jul 1982 - 17:15 ,Group 4,Austria,2,2,Northern Ireland,771,AUT,NIR
1982,01 Jul 1982 - 21:00 ,Group 1,Belgium,0,1,Soviet Union,783,BEL,URS
1982,02 Jul 1982 - 17:15 ,Group 3,Argentina,1,3,Brazil,750,ARG,BRA
1982,02 Jul 1982 - 21:00 ,Group 2,Germany FR,2,1,Spain,900,FRG,ESP
1982,04 Jul 1982 - 17:15 ,Group 4,France,4,1,Northern Ireland,920,FRA,NIR
1982,04 Jul 1982 - 21:00 ,Group 1,Poland,0,0,Soviet Union,1058,POL,URS
1982,05 Jul 1982 - 17:15 ,Group 3,Italy,3,2,Brazil,788,ITA,BRA
1982,05 Jul 1982 - 21:00 ,Group 2,Spain,0,0,England,877,ESP,ENG
1982,08 Jul 1982 - 17:15 ,Semi-finals,Poland,0,2,Italy,996,POL,ITA
1982,08 Jul 1982 - 21:00 ,Semi-finals,Germany FR,3,3,France,914,FRG,FRA
1982,10 Jul 1982 - 20:00 ,Match for third place,Poland,3,2,France,921,POL,FRA
1982,11 Jul 1982 - 20:00 ,Final,Italy,3,1,Germany FR,923,ITA,FRG
1986,31 May 1986 - 12:00 ,Group A,Bulgaria,1,1,Italy,459,BUL,ITA
1986,01 Jun 1986 - 16:00 ,Group C,Canada,0,1,France,468,CAN,FRA
1986,01 Jun 1986 - 12:00 ,Group D,Spain,0,1,Brazil,439,ESP,BRA
1986,02 Jun 1986 - 12:00 ,Group C,Soviet Union,6,0,Hungary,610,URS,HUN
1986,02 Jun 1986 - 12:00 ,Group A,Argentina,3,1,Korea Republic,395,ARG,KOR
1986,02 Jun 1986 - 16:00 ,Group F,Morocco,0,0,Poland,674,MAR,POL
1986,03 Jun 1986 - 12:00 ,Group D,Algeria,1,1,Northern Ireland,379,ALG,NIR
1986,03 Jun 1986 - 12:00 ,Group B,Belgium,1,2,Mexico,428,BEL,MEX
1986,03 Jun 1986 - 16:00 ,Group F,Portugal,1,0,England,538,POR,ENG
1986,04 Jun 1986 - 12:00 ,Group B,Paraguay,1,0,Iraq,628,PAR,IRQ
1986,04 Jun 1986 - 16:00 ,Group E,Scotland,0,1,Denmark,517,SCO,DEN
1986,04 Jun 1986 - 12:00 ,Group E,Uruguay,1,1,Germany FR,585,URU,FRG
1986,05 Jun 1986 - 12:00 ,Group A,Italy,1,1,Argentina,394,ITA,ARG
1986,05 Jun 1986 - 12:00 ,Group C,France,1,1,Soviet Union,571,FRA,URS
1986,05 Jun 1986 - 16:00 ,Group A,Korea Republic,1,1,Bulgaria,460,KOR,BUL
1986,06 Jun 1986 - 12:00 ,Group C,Hungary,2,0,Canada,475,HUN,CAN
1986,06 Jun 1986 - 12:00 ,Group D,Brazil,1,0,Algeria,377,BRA,ALG
1986,06 Jun 1986 - 16:00 ,Group F,England,0,0,Morocco,533,ENG,MAR
1986,07 Jun 1986 - 12:00 ,Group D,Northern Ireland,1,2,Spain,551,NIR,ESP
1986,07 Jun 1986 - 12:00 ,Group B,Mexico,1,1,Paraguay,680,MEX,PAR
1986,07 Jun 1986 - 16:00 ,Group F,Poland,1,0,Portugal,701,POL,POR
1986,08 Jun 1986 - 12:00 ,Group B,Iraq,1,2,Belgium,427,IRQ,BEL
1986,08 Jun 1986 - 16:00 ,Group E,Denmark,6,1,Uruguay,522,DEN,URU
1986,08 Jun 1986 - 12:00 ,Group E,Germany FR,2,1,Scotland,580,FRG,SCO
1986,09 Jun 1986 - 12:00 ,Group C,Hungary,0,3,France,567,HUN,FRA
1986,09 Jun 1986 - 12:00 ,Group C,Soviet Union,2,0,Canada,476,URS,CAN
1986,10 Jun 1986 - 12:00 ,Group A,Korea Republic,2,3,Italy,643,KOR,ITA
1986,10 Jun 1986 - 12:00 ,Group A,Argentina,2,0,Bulgaria,389,ARG,BUL
1986,11 Jun 1986 - 12:00 ,Group B,Paraguay,2,2,Belgium,429,PAR,BEL
1986,11 Jun 1986 - 12:00 ,Group B,Iraq,0,1,Mexico,627,IRQ,MEX
1986,11 Jun 1986 - 16:00 ,Group F,Portugal,1,3,Morocco,675,POR,MAR
1986,11 Jun 1986 - 16:00 ,Group F,England,3,0,Poland,537,ENG,POL
1986,12 Jun 1986 - 12:00 ,Group D,Northern Ireland,0,3,Brazil,441,NIR,BRA
1986,12 Jun 1986 - 12:00 ,Group D,Algeria,0,3,Spain,378,ALG,ESP
1986,13 Jun 1986 - 12:00 ,Group E,Scotland,0,0,Uruguay,712,SCO,URU
1986,13 Jun 1986 - 12:00 ,Group E,Denmark,2,0,Germany FR,512,DEN,FRG
1986,15 Jun 1986 - 16:00 ,Round of 16,Soviet Union,3,4,Belgium,432,URS,BEL
1986,15 Jun 1986 - 12:00 ,Round of 16,Mexico,2,0,Bulgaria,463,MEX,BUL
1986,16 Jun 1986 - 16:00 ,Round of 16,Argentina,1,0,Uruguay,398,ARG,URU
1986,16 Jun 1986 - 12:00 ,Round of 16,Brazil,4,0,Poland,444,BRA,POL
1986,17 Jun 1986 - 12:00 ,Round of 16,Italy,0,2,France,568,ITA,FRA
1986,17 Jun 1986 - 16:00 ,Round of 16,Morocco,0,1,Germany FR,574,MAR,FRG
1986,18 Jun 1986 - 12:00 ,Round of 16,England,3,0,Paraguay,536,ENG,PAR
1986,18 Jun 1986 - 16:00 ,Round of 16,Denmark,1,5,Spain,511,DEN,ESP
1986,21 Jun 1986 - 12:00 ,Quarter-finals,Brazil,1,1,France,440,BRA,FRA
1986,21 Jun 1986 - 16:00 ,Quarter-finals,Germany FR,0,0,Mexico,575,FRG,MEX
1986,22 Jun 1986 - 16:00 ,Quarter-finals,Spain,1,1,Belgium,421,ESP,BEL
1986,22 Jun 1986 - 12:00 ,Quarter-finals,Argentina,2,1,England,392,ARG,ENG
1986,25 Jun 1986 - 12:00 ,Semi-finals,France,0,2,Germany FR,564,FRA,FRG
1986,25 Jun 1986 - 16:00 ,Semi-finals,Argentina,2,0,Belgium,388,ARG,BEL
1986,28 Jun 1986 - 12:00 ,Match for third place,France,4,2,Belgium,422,FRA,BEL
1986,29 Jun 1986 - 12:00 ,Final,Argentina,3,2,Germany FR,393,ARG,FRG
1990,08 Jun 1990 - 18:00 ,Group B,Argentina,0,1,Cameroon,26,ARG,CMR
1990,09 Jun 1990 - 17:00 ,Group B,Soviet Union,0,2,Romania,342,URS,ROU
1990,09 Jun 1990 - 17:00 ,Group D,"rn"">United Arab Emirates",0,2,Colombia,119,UAE,COL
1990,09 Jun 1990 - 21:00 ,Group A,Italy,1,0,Austria,42,ITA,AUT
1990,10 Jun 1990 - 17:00 ,Group A,USA,1,5,Czechoslovakia,355,USA,TCH
1990,10 Jun 1990 - 21:00 ,Group C,Brazil,2,1,Sweden,75,BRA,SWE
1990,10 Jun 1990 - 21:00 ,Group D,Germany FR,4,1,Yugoslavia,201,FRG,YUG
1990,11 Jun 1990 - 17:00 ,Group C,Costa Rica,1,0,Scotland,127,CRC,SCO
1990,11 Jun 1990 - 21:00 ,Group F,England,1,1,"rn"">Republic of Ireland",161,ENG,IRL
1990,12 Jun 1990 - 17:00 ,Group E,Belgium,2,0,Korea Republic,57,BEL,KOR
1990,12 Jun 1990 - 21:00 ,Group F,Netherlands,1,1,Egypt,151,NED,EGY
1990,13 Jun 1990 - 17:00 ,Group E,Uruguay,0,0,Spain,180,URU,ESP
1990,13 Jun 1990 - 21:00 ,Group B,Argentina,2,0,Soviet Union,30,ARG,URS
1990,14 Jun 1990 - 17:00 ,Group B,Cameroon,2,1,Romania,108,CMR,ROU
1990,14 Jun 1990 - 17:00 ,Group D,Yugoslavia,1,0,Colombia,120,YUG,COL
1990,14 Jun 1990 - 21:00 ,Group A,Italy,1,0,USA,265,ITA,USA
1990,15 Jun 1990 - 17:00 ,Group A,Austria,0,1,Czechoslovakia,43,AUT,TCH
1990,15 Jun 1990 - 21:00 ,Group D,Germany FR,5,1,"rn"">United Arab Emirates",198,FRG,UAE
1990,16 Jun 1990 - 17:00 ,Group C,Brazil,1,0,Costa Rica,73,BRA,CRC
1990,16 Jun 1990 - 21:00 ,Group C,Sweden,1,2,Scotland,348,SWE,SCO
1990,16 Jun 1990 - 21:00 ,Group F,England,0,0,Netherlands,160,ENG,NED
1990,17 Jun 1990 - 17:00 ,Group F,"rn"">Republic of Ireland",0,0,Egypt,152,IRL,EGY
1990,17 Jun 1990 - 21:00 ,Group E,Korea Republic,1,3,Spain,175,KOR,ESP
1990,17 Jun 1990 - 21:00 ,Group E,Belgium,3,1,Uruguay,66,BEL,URU
1990,18 Jun 1990 - 21:00 ,Group B,Argentina,1,1,Romania,29,ARG,ROU
1990,18 Jun 1990 - 21:00 ,Group B,Cameroon,0,4,Soviet Union,111,CMR,URS
1990,19 Jun 1990 - 17:00 ,Group D,Germany FR,1,1,Colombia,114,FRG,COL
1990,19 Jun 1990 - 17:00 ,Group D,Yugoslavia,4,1,"rn"">United Arab Emirates",364,YUG,UAE
1990,19 Jun 1990 - 21:00 ,Group A,Italy,2,0,Czechoslovakia,263,ITA,TCH
1990,19 Jun 1990 - 21:00 ,Group A,Austria,2,1,USA,48,AUT,USA
1990,20 Jun 1990 - 21:00 ,Group C,Brazil,1,0,Scotland,74,BRA,SCO
1990,20 Jun 1990 - 21:00 ,Group C,Sweden,1,2,Costa Rica,128,SWE,CRC
1990,21 Jun 1990 - 17:00 ,Group E,Korea Republic,0,1,Uruguay,290,KOR,URU
1990,21 Jun 1990 - 17:00 ,Group E,Belgium,1,2,Spain,56,BEL,ESP
1990,21 Jun 1990 - 21:00 ,Group F,"rn"">Republic of Ireland",1,1,Netherlands,228,IRL,NED
1990,21 Jun 1990 - 21:00 ,Group F,England,1,0,Egypt,150,ENG,EGY
1990,23 Jun 1990 - 17:00 ,Round of 16,Cameroon,2,1,Colombia,102,CMR,COL
1990,23 Jun 1990 - 21:00 ,Round of 16,Czechoslovakia,4,1,Costa Rica,129,TCH,CRC
1990,24 Jun 1990 - 17:00 ,Round of 16,Brazil,0,1,Argentina,25,BRA,ARG
1990,24 Jun 1990 - 21:00 ,Round of 16,Germany FR,2,1,Netherlands,196,FRG,NED
1990,25 Jun 1990 - 17:00 ,Round of 16,"rn"">Republic of Ireland",0,0,Romania,248,IRL,ROU
1990,25 Jun 1990 - 21:00 ,Round of 16,Italy,2,0,Uruguay,264,ITA,URU
1990,26 Jun 1990 - 17:00 ,Round of 16,Spain,1,2,Yugoslavia,181,ESP,YUG
1990,26 Jun 1990 - 21:00 ,Round of 16,England,1,0,Belgium,55,ENG,BEL
1990,30 Jun 1990 - 17:00 ,Quarter-finals,Yugoslavia,0,0,Argentina,31,YUG,ARG
1990,30 Jun 1990 - 21:00 ,Quarter-finals,Italy,1,0,"rn"">Republic of Ireland",243,ITA,IRL
1990,01 Jul 1990 - 17:00 ,Quarter-finals,Germany FR,1,0,Czechoslovakia,197,FRG,TCH
1990,01 Jul 1990 - 21:00 ,Quarter-finals,England,3,2,Cameroon,103,ENG,CMR
1990,03 Jul 1990 - 20:00 ,Semi-finals,Italy,1,1,Argentina,28,ITA,ARG
1990,04 Jul 1990 - 20:00 ,Semi-finals,Germany FR,1,1,England,159,FRG,ENG
1990,07 Jul 1990 - 20:00 ,Match for third place,Italy,2,1,England,162,ITA,ENG
1990,08 Jul 1990 - 20:00 ,Final,Germany FR,1,0,Argentina,27,FRG,ARG
1994,17 Jun 1994 - 19:30 ,Group C,Spain,2,2,Korea Republic,3050,ESP,KOR
1994,17 Jun 1994 - 15:00 ,Group C,Germany,1,0,Bolivia,3049,GER,BOL
1994,18 Jun 1994 - 11:30 ,Group A,USA,1,1,Switzerland,3051,USA,SUI
1994,18 Jun 1994 - 16:00 ,Group E,Italy,0,1,"rn"">Republic of Ireland",3052,ITA,IRL
1994,18 Jun 1994 - 19:30 ,Group A,Colombia,1,3,Romania,3053,COL,ROU
1994,19 Jun 1994 - 12:30 ,Group F,Belgium,1,0,Morocco,3054,BEL,MAR
1994,19 Jun 1994 - 16:00 ,Group E,Norway,1,0,Mexico,3055,NOR,MEX
1994,19 Jun 1994 - 19:30 ,Group B,Cameroon,2,2,Sweden,3056,CMR,SWE
1994,20 Jun 1994 - 19:30 ,Group F,Netherlands,2,1,Saudi Arabia,3058,NED,KSA
1994,20 Jun 1994 - 16:00 ,Group B,Brazil,2,0,Russia,3057,BRA,RUS
1994,21 Jun 1994 - 12:30 ,Group D,Argentina,4,0,Greece,3059,ARG,GRE
1994,21 Jun 1994 - 19:30 ,Group D,Nigeria,3,0,Bulgaria,3061,NGA,BUL
1994,21 Jun 1994 - 16:00 ,Group C,Germany,1,1,Spain,3060,GER,ESP
1994,22 Jun 1994 - 16:00 ,Group A,Romania,1,4,Switzerland,3062,ROU,SUI
1994,22 Jun 1994 - 19:30 ,Group A,USA,2,1,Colombia,3063,USA,COL
1994,23 Jun 1994 - 16:00 ,Group E,Italy,1,0,Norway,3064,ITA,NOR
1994,23 Jun 1994 - 19:30 ,Group C,Korea Republic,0,0,Bolivia,3065,KOR,BOL
1994,24 Jun 1994 - 12:30 ,Group E,Mexico,2,1,"rn"">Republic of Ireland",3066,MEX,IRL
1994,24 Jun 1994 - 19:30 ,Group B,Sweden,3,1,Russia,3068,SWE,RUS
1994,24 Jun 1994 - 16:00 ,Group B,Brazil,3,0,Cameroon,3067,BRA,CMR
1994,25 Jun 1994 - 12:30 ,Group F,Belgium,1,0,Netherlands,3069,BEL,NED
1994,25 Jun 1994 - 12:30 ,Group F,Saudi Arabia,2,1,Morocco,3070,KSA,MAR
1994,25 Jun 1994 - 16:00 ,Group D,Argentina,2,1,Nigeria,3071,ARG,NGA
1994,26 Jun 1994 - 12:30 ,Group D,Bulgaria,4,0,Greece,3072,BUL,GRE
1994,26 Jun 1994 - 16:00 ,Group A,USA,0,1,Romania,3073,USA,ROU
1994,26 Jun 1994 - 16:00 ,Group A,Switzerland,0,2,Colombia,3074,SUI,COL
1994,27 Jun 1994 - 16:00 ,Group C,Germany,3,2,Korea Republic,3076,GER,KOR
1994,27 Jun 1994 - 16:00 ,Group C,Bolivia,1,3,Spain,3075,BOL,ESP
1994,28 Jun 1994 - 12:30 ,Group E,"rn"">Republic of Ireland",0,0,Norway,3077,IRL,NOR
1994,28 Jun 1994 - 16:00 ,Group B,Brazil,1,1,Sweden,3080,BRA,SWE
1994,28 Jun 1994 - 12:30 ,Group E,Italy,1,1,Mexico,3078,ITA,MEX
1994,28 Jun 1994 - 16:00 ,Group B,Russia,6,1,Cameroon,3079,RUS,CMR
1994,29 Jun 1994 - 12:30 ,Group F,Morocco,1,2,Netherlands,3081,MAR,NED
1994,29 Jun 1994 - 12:30 ,Group F,Belgium,0,1,Saudi Arabia,3082,BEL,KSA
1994,30 Jun 1994 - 19:30 ,Group D,Greece,0,2,Nigeria,3083,GRE,NGA
1994,30 Jun 1994 - 19:30 ,Group D,Argentina,0,2,Bulgaria,3084,ARG,BUL
1994,02 Jul 1994 - 12:00 ,Round of 16,Germany,3,2,Belgium,3085,GER,BEL
1994,02 Jul 1994 - 16:30 ,Round of 16,Spain,3,0,Switzerland,3086,ESP,SUI
1994,03 Jul 1994 - 12:00 ,Round of 16,Saudi Arabia,1,3,Sweden,3087,KSA,SWE
1994,03 Jul 1994 - 13:30 ,Round of 16,Romania,3,2,Argentina,3088,ROU,ARG
1994,04 Jul 1994 - 12:00 ,Round of 16,Netherlands,2,0,"rn"">Republic of Ireland",3089,NED,IRL
1994,04 Jul 1994 - 12:30 ,Round of 16,Brazil,1,0,USA,3090,BRA,USA
1994,05 Jul 1994 - 13:00 ,Round of 16,Nigeria,1,2,Italy,3091,NGA,ITA
1994,05 Jul 1994 - 16:30 ,Round of 16,Mexico,1,1,Bulgaria,3092,MEX,BUL
1994,09 Jul 1994 - 12:00 ,Quarter-finals,Italy,2,1,Spain,3097,ITA,ESP
1994,09 Jul 1994 - 14:30 ,Quarter-finals,Netherlands,2,3,Brazil,3098,NED,BRA
1994,10 Jul 1994 - 12:00 ,Quarter-finals,Bulgaria,2,1,Germany,3096,BUL,GER
1994,10 Jul 1994 - 12:30 ,Quarter-finals,Romania,2,2,Sweden,3095,ROU,SWE
1994,13 Jul 1994 - 16:00 ,Semi-finals,Bulgaria,1,2,Italy,3100,BUL,ITA
1994,13 Jul 1994 - 16:30 ,Semi-finals,Sweden,0,1,Brazil,3099,SWE,BRA
1994,16 Jul 1994 - 12:30 ,Match for third place,Sweden,4,0,Bulgaria,3103,SWE,BUL
1994,17 Jul 1994 - 12:30 ,Final,Brazil,0,0,Italy,3104,BRA,ITA
1998,10 Jun 1998 - 17:30 ,Group A,Brazil,2,1,Scotland,4000,BRA,SCO
1998,10 Jun 1998 - 21:00 ,Group A,Morocco,2,2,Norway,8725,MAR,NOR
1998,11 Jun 1998 - 17:30 ,Group B,Italy,2,2,Chile,8726,ITA,CHI
1998,11 Jun 1998 - 21:00 ,Group B,Cameroon,1,1,Austria,8727,CMR,AUT
1998,12 Jun 1998 - 14:30 ,Group D,Paraguay,0,0,Bulgaria,8728,PAR,BUL
1998,12 Jun 1998 - 17:30 ,Group C,Saudi Arabia,0,1,Denmark,8729,KSA,DEN
1998,12 Jun 1998 - 21:00 ,Group C,France,3,0,South Africa,8730,FRA,RSA
1998,13 Jun 1998 - 14:30 ,Group D,Spain,2,3,Nigeria,8731,ESP,NGA
1998,13 Jun 1998 - 17:30 ,Group E,Korea Republic,1,3,Mexico,8732,KOR,MEX
1998,13 Jun 1998 - 21:00 ,Group E,Netherlands,0,0,Belgium,8733,NED,BEL
1998,14 Jun 1998 - 14:30 ,Group H,Argentina,1,0,Japan,8734,ARG,JPN
1998,14 Jun 1998 - 17:30 ,Group F,Yugoslavia,1,0,Iran,8735,YUG,IRN
1998,14 Jun 1998 - 21:00 ,Group H,Jamaica,1,3,Croatia,8736,JAM,CRO
1998,15 Jun 1998 - 14:30 ,Group G,England,2,0,Tunisia,8740,ENG,TUN
1998,15 Jun 1998 - 17:30 ,Group G,Romania,1,0,Colombia,8739,ROU,COL
1998,15 Jun 1998 - 21:00 ,Group F,Germany,2,0,USA,8738,GER,USA
1998,16 Jun 1998 - 17:30 ,Group A,Scotland,1,1,Norway,8741,SCO,NOR
1998,16 Jun 1998 - 21:00 ,Group A,Brazil,3,0,Morocco,8742,BRA,MAR
1998,17 Jun 1998 - 17:30 ,Group B,Chile,1,1,Austria,8743,CHI,AUT
1998,17 Jun 1998 - 21:00 ,Group B,Italy,3,0,Cameroon,8744,ITA,CMR
1998,18 Jun 1998 - 17:30 ,Group C,South Africa,1,1,Denmark,8746,RSA,DEN
1998,18 Jun 1998 - 21:00 ,Group C,France,4,0,Saudi Arabia,8745,FRA,KSA
1998,19 Jun 1998 - 17:30 ,Group D,Nigeria,1,0,Bulgaria,8747,NGA,BUL
1998,19 Jun 1998 - 21:00 ,Group D,Spain,0,0,Paraguay,8748,ESP,PAR
1998,20 Jun 1998 - 14:30 ,Group H,Japan,0,1,Croatia,8751,JPN,CRO
1998,20 Jun 1998 - 17:30 ,Group E,Belgium,2,2,Mexico,8750,BEL,MEX
1998,20 Jun 1998 - 21:00 ,Group E,Netherlands,5,0,Korea Republic,8749,NED,KOR
1998,21 Jun 1998 - 14:30 ,Group F,Germany,2,2,Yugoslavia,8753,GER,YUG
1998,21 Jun 1998 - 17:30 ,Group H,Argentina,5,0,Jamaica,8752,ARG,JAM
1998,21 Jun 1998 - 21:00 ,Group F,USA,1,2,Iran,8754,USA,IRN
1998,22 Jun 1998 - 17:30 ,Group G,Colombia,1,0,Tunisia,8755,COL,TUN
1998,22 Jun 1998 - 21:00 ,Group G,Romania,2,1,England,8756,ROU,ENG
1998,23 Jun 1998 - 16:00 ,Group B,Italy,2,1,Austria,8757,ITA,AUT
1998,23 Jun 1998 - 16:00 ,Group B,Chile,1,1,Cameroon,8760,CHI,CMR
1998,23 Jun 1998 - 21:00 ,Group A,Scotland,0,3,Morocco,8758,SCO,MAR
1998,23 Jun 1998 - 21:00 ,Group A,Brazil,1,2,Norway,8759,BRA,NOR
1998,24 Jun 1998 - 16:00 ,Group C,France,2,1,Denmark,8762,FRA,DEN
1998,24 Jun 1998 - 16:00 ,Group C,South Africa,2,2,Saudi Arabia,8764,RSA,KSA
1998,24 Jun 1998 - 21:00 ,Group D,Spain,6,1,Bulgaria,8761,ESP,BUL
1998,24 Jun 1998 - 21:00 ,Group D,Nigeria,1,3,Paraguay,8763,NGA,PAR
1998,25 Jun 1998 - 16:00 ,Group E,Belgium,1,1,Korea Republic,8765,BEL,KOR
1998,25 Jun 1998 - 16:00 ,Group E,Netherlands,2,2,Mexico,8766,NED,MEX
1998,25 Jun 1998 - 21:00 ,Group F,Germany,2,0,Iran,8767,GER,IRN
1998,25 Jun 1998 - 21:00 ,Group F,USA,0,1,Yugoslavia,8768,USA,YUG
1998,26 Jun 1998 - 16:00 ,Group H,Japan,1,2,Jamaica,8771,JPN,JAM
1998,26 Jun 1998 - 16:00 ,Group H,Argentina,1,0,Croatia,8772,ARG,CRO
1998,26 Jun 1998 - 21:00 ,Group G,Romania,1,1,Tunisia,8769,ROU,TUN
1998,26 Jun 1998 - 21:00 ,Group G,Colombia,0,2,England,8770,COL,ENG
1998,27 Jun 1998 - 16:30 ,Round of 16,Italy,1,0,Norway,8774,ITA,NOR
1998,27 Jun 1998 - 21:00 ,Round of 16,Brazil,4,1,Chile,8773,BRA,CHI
1998,28 Jun 1998 - 16:30 ,Round of 16,France,1,0,Paraguay,8776,FRA,PAR
1998,28 Jun 1998 - 21:00 ,Round of 16,Nigeria,1,4,Denmark,8775,NGA,DEN
1998,29 Jun 1998 - 16:30 ,Round of 16,Germany,2,1,Mexico,8777,GER,MEX
1998,29 Jun 1998 - 21:00 ,Round of 16,Netherlands,2,1,Yugoslavia,8778,NED,YUG
1998,30 Jun 1998 - 16:30 ,Round of 16,Romania,0,1,Croatia,8780,ROU,CRO
1998,30 Jun 1998 - 21:00 ,Round of 16,Argentina,2,2,England,8779,ARG,ENG
1998,03 Jul 1998 - 16:30 ,Quarter-finals,Italy,0,0,France,8781,ITA,FRA
1998,03 Jul 1998 - 21:00 ,Quarter-finals,Brazil,3,2,Denmark,8782,BRA,DEN
1998,04 Jul 1998 - 16:30 ,Quarter-finals,Netherlands,2,1,Argentina,8784,NED,ARG
1998,04 Jul 1998 - 21:00 ,Quarter-finals,Germany,0,3,Croatia,8783,GER,CRO
1998,07 Jul 1998 - 21:00 ,Semi-finals,Brazil,1,1,Netherlands,8785,BRA,NED
1998,08 Jul 1998 - 21:00 ,Semi-finals,France,2,1,Croatia,8786,FRA,CRO
1998,11 Jul 1998 - 21:00 ,Match for third place,Netherlands,1,2,Croatia,8787,NED,CRO
1998,12 Jul 1998 - 21:00 ,Final,Brazil,0,3,France,8788,BRA,FRA
2002,31 May 2002 - 20:30 ,Group A,France,0,1,Senegal,43950001,FRA,SEN
2002,01 Jun 2002 - 18:00 ,Group A,Uruguay,1,2,Denmark,43950003,URU,DEN
2002,01 Jun 2002 - 15:30 ,Group E,"rn"">Republic of Ireland",1,1,Cameroon,43950002,IRL,CMR
2002,01 Jun 2002 - 20:30 ,Group E,Germany,8,0,Saudi Arabia,43950004,GER,KSA
2002,02 Jun 2002 - 14:30 ,Group F,Argentina,1,0,Nigeria,43950007,ARG,NGA
2002,02 Jun 2002 - 16:30 ,Group B,Paraguay,2,2,South Africa,43950006,PAR,RSA
2002,02 Jun 2002 - 18:30 ,Group F,England,1,1,Sweden,43950005,ENG,SWE
2002,02 Jun 2002 - 20:30 ,Group B,Spain,3,1,Slovenia,43950008,ESP,SVN
2002,03 June 2002 - 18:00 ,Group C,Brazil,2,1,Turkey,43950010,BRA,TUR
2002,03 Jun 2002 - 20:30 ,Group G,Italy,2,0,Ecuador,43950011,ITA,ECU
2002,03 Jun 2002 - 15:30 ,Group G,Croatia,0,1,Mexico,43950009,CRO,MEX
2002,04 June 2002 - 15:30 ,Group C,China PR,0,2,Costa Rica,43950012,CHN,CRC
2002,04 June 2002 - 18:00 ,Group H,Japan,2,2,Belgium,43950013,JPN,BEL
2002,04 Jun 2002 - 20:30 ,Group D,Korea Republic,2,0,Poland,43950014,KOR,POL
2002,05 Jun 2002 - 15:30 ,Group H,Russia,2,0,Tunisia,43950015,RUS,TUN
2002,05 Jun 2002 - 18:00 ,Group D,USA,3,2,Portugal,43950016,USA,POR
2002,05 Jun 2002 - 20:30 ,Group E,Germany,1,1,"rn"">Republic of Ireland",43950017,GER,IRL
2002,06 Jun 2002 - 15:30 ,Group A,Denmark,1,1,Senegal,43950020,DEN,SEN
2002,06 Jun 2002 - 18:00 ,Group E,Cameroon,1,0,Saudi Arabia,43950019,CMR,KSA
2002,06 Jun 2002 - 20:30 ,Group A,France,0,0,Uruguay,43950018,FRA,URU
2002,07 Jun 2002 - 15:30 ,Group F,Sweden,2,1,Nigeria,43950021,SWE,NGA
2002,07 Jun 2002 - 20:30 ,Group F,Argentina,0,1,England,43950023,ARG,ENG
2002,07 June 2002 - 18:00 ,Group B,Spain,3,1,Paraguay,43950022,ESP,PAR
2002,08 Jun 2002 - 15:30 ,Group B,South Africa,1,0,Slovenia,43950024,RSA,SVN
2002,08 Jun 2002 - 20:30 ,Group C,Brazil,4,0,China PR,43950026,BRA,CHN
2002,08 June 2002 - 18:00 ,Group G,Italy,1,2,Croatia,43950025,ITA,CRO
2002,09 Jun 2002 - 18:00 ,Group C,Costa Rica,1,1,Turkey,43950028,CRC,TUR
2002,09 Jun 2002 - 20:30 ,Group H,Japan,1,0,Russia,43950029,JPN,RUS
2002,09 Jun 2002 - 15:30 ,Group G,Mexico,2,1,Ecuador,43950027,MEX,ECU
2002,10 Jun 2002 - 15:30 ,Group D,Korea Republic,1,1,USA,43950030,KOR,USA
2002,10 Jun 2002 - 20:30 ,Group D,Portugal,4,0,Poland,43950032,POR,POL
2002,10 Jun 2002 - 18:00 ,Group H,Tunisia,1,1,Belgium,43950031,TUN,BEL
2002,11 Jun 2002 - 15:30 ,Group A,Denmark,2,0,France,43950033,DEN,FRA
2002,11 June 2002 - 15:30 ,Group A,Senegal,3,3,Uruguay,43950034,SEN,URU
2002,11 Jun 2002 - 20:30 ,Group E,Saudi Arabia,0,3,"rn"">Republic of Ireland",43950036,KSA,IRL
2002,11 Jun 2002 - 20:30 ,Group E,Cameroon,0,2,Germany,43950035,CMR,GER
2002,12 Jun 2002 - 15:30 ,Group F,Sweden,1,1,Argentina,43950037,SWE,ARG
2002,12 Jun 2002 - 15:30 ,Group F,Nigeria,0,0,England,43950038,NGA,ENG
2002,12 Jun 2002 - 20:30 ,Group B,Slovenia,1,3,Paraguay,43950040,SVN,PAR
2002,12 Jun 2002 - 20:30 ,Group B,South Africa,2,3,Spain,43950039,RSA,ESP
2002,13 Jun 2002 - 15:30 ,Group C,Costa Rica,2,5,Brazil,43950041,CRC,BRA
2002,13 Jun 2002 - 15:30 ,Group C,Turkey,3,0,China PR,43950042,TUR,CHN
2002,13 Jun 2002 - 20:30 ,Group G,Ecuador,1,0,Croatia,43950044,ECU,CRO
2002,13 Jun 2002 - 20:30 ,Group G,Mexico,1,1,Italy,43950043,MEX,ITA
2002,14 Jun 2002 - 15:30 ,Group H,Tunisia,0,2,Japan,43950045,TUN,JPN
2002,14 Jun 2002 - 20:30 ,Group D,Portugal,0,1,Korea Republic,43950047,POR,KOR
2002,14 Jun 2002 - 20:30 ,Group D,Poland,3,1,USA,43950048,POL,USA
2002,14 Jun 2002 - 15:30 ,Group H,Belgium,3,2,Russia,43950046,BEL,RUS
2002,15 Jun 2002 - 20:30 ,Round of 16,Denmark,0,3,England,43950050,DEN,ENG
2002,15 Jun 2002 - 15:30 ,Round of 16,Germany,1,0,Paraguay,43950049,GER,PAR
2002,16 Jun 2002 - 20:30 ,Round of 16,Spain,1,1,"rn"">Republic of Ireland",43950052,ESP,IRL
2002,16 Jun 2002 - 15:30 ,Round of 16,Sweden,1,2,Senegal,43950051,SWE,SEN
2002,17 Jun 2002 - 20:30 ,Round of 16,Brazil,2,0,Belgium,43950054,BRA,BEL
2002,17 June 2002 - 15:30 ,Round of 16,Mexico,0,2,USA,43950053,MEX,USA
2002,18 Jun 2002 - 15:30 ,Round of 16,Japan,0,1,Turkey,43950055,JPN,TUR
2002,18 Jun 2002 - 20:30 ,Round of 16,Korea Republic,2,1,Italy,43950056,KOR,ITA
2002,21 Jun 2002 - 15:30 ,Quarter-finals,England,1,2,Brazil,43950057,ENG,BRA
2002,21 Jun 2002 - 20:30 ,Quarter-finals,Germany,1,0,USA,43950058,GER,USA
2002,22 Jun 2002 - 20:30 ,Quarter-finals,Senegal,0,1,Turkey,43950060,SEN,TUR
2002,22 Jun 2002 - 15:30 ,Quarter-finals,Spain,0,0,Korea Republic,43950059,ESP,KOR
2002,25 Jun 2002 - 20:30 ,Semi-finals,Germany,1,0,Korea Republic,43950061,GER,KOR
2002,26 Jun 2002 - 20:30 ,Semi-finals,Brazil,1,0,Turkey,43950062,BRA,TUR
2002,29 Jun 2002 - 20:00 ,Third place,Korea Republic,2,3,Turkey,43950063,KOR,TUR
2002,30 Jun 2002 - 20:00 ,Final,Germany,0,2,Brazil,43950064,GER,BRA
2006,09 Jun 2006 - 18:00 ,Group A,Germany,4,2,Costa Rica,97410001,GER,CRC
2006,09 Jun 2006 - 21:00 ,Group A,Poland,0,2,Ecuador,97410002,POL,ECU
2006,10 Jun 2006 - 15:00 ,Group B,England,1,0,Paraguay,97410003,ENG,PAR
2006,10 Jun 2006 - 18:00 ,Group B,"rn"">Trinidad and Tobago",0,0,Sweden,97410004,TRI,SWE
2006,10 Jun 2006 - 21:00 ,Group C,Argentina,2,1,C�te d'Ivoire,97410005,ARG,CIV
2006,11 Jun 2006 - 15:00 ,Group C,"rn"">Serbia and Montenegro",0,1,Netherlands,97410006,SCG,NED
2006,11 Jun 2006 - 18:00 ,Group D,Mexico,3,1,Iran,97410007,MEX,IRN
2006,11 Jun 2006 - 21:00 ,Group D,Angola,0,1,Portugal,97410008,ANG,POR
2006,12 Jun 2006 - 15:00 ,Group F,Australia,3,1,Japan,97410012,AUS,JPN
2006,12 Jun 2006 - 18:00 ,Group E,USA,0,3,Czech Republic,97410010,USA,CZE
2006,12 Jun 2006 - 21:00 ,Group E,Italy,2,0,Ghana,97410009,ITA,GHA
2006,13 Jun 2006 - 15:00 ,Group G,Korea Republic,2,1,Togo,97410014,KOR,TOG
2006,13 Jun 2006 - 18:00 ,Group G,France,0,0,Switzerland,97410013,FRA,SUI
2006,13 Jun 2006 - 21:00 ,Group F,Brazil,1,0,Croatia,97410011,BRA,CRO
2006,14 Jun 2006 - 15:00 ,Group H,Spain,4,0,Ukraine,97410015,ESP,UKR
2006,14 Jun 2006 - 18:00 ,Group H,Tunisia,2,2,Saudi Arabia,97410016,TUN,KSA
2006,14 Jun 2006 - 21:00 ,Group A,Germany,1,0,Poland,97410017,GER,POL
2006,15 Jun 2006 - 15:00 ,Group A,Ecuador,3,0,Costa Rica,97410018,ECU,CRC
2006,15 Jun 2006 - 18:00 ,Group B,England,2,0,"rn"">Trinidad and Tobago",97410019,ENG,TRI
2006,15 Jun 2006 - 21:00 ,Group B,Sweden,1,0,Paraguay,97410020,SWE,PAR
2006,16 Jun 2006 - 15:00 ,Group C,Argentina,6,0,"rn"">Serbia and Montenegro",97410021,ARG,SCG
2006,16 Jun 2006 - 18:00 ,Group C,Netherlands,2,1,C�te d'Ivoire,97410022,NED,CIV
2006,16 Jun 2006 - 21:00 ,Group D,Mexico,0,0,Angola,97410023,MEX,ANG
2006,17 Jun 2006 - 15:00 ,Group D,Portugal,2,0,IR Iran,97410024,POR,IRN
2006,17 Jun 2006 - 18:00 ,Group E,Czech Republic,0,2,Ghana,97410026,CZE,GHA
2006,17 Jun 2006 - 21:00 ,Group E,Italy,1,1,USA,97410025,ITA,USA
2006,18 Jun 2006 - 15:00 ,Group F,Japan,0,0,Croatia,97410028,JPN,CRO
2006,18 Jun 2006 - 18:00 ,Group F,Brazil,2,0,Australia,97410027,BRA,AUS
2006,18 Jun 2006 - 21:00 ,Group G,France,1,1,Korea Republic,97410029,FRA,KOR
2006,19 Jun 2006 - 15:00 ,Group G,Togo,0,2,Switzerland,97410030,TOG,SUI
2006,19 Jun 2006 - 18:00 ,Group H,Saudi Arabia,0,4,Ukraine,97410032,KSA,UKR
2006,19 Jun 2006 - 21:00 ,Group H,Spain,3,1,Tunisia,97410031,ESP,TUN
2006,20 Jun 2006 - 16:00 ,Group A,Ecuador,0,3,Germany,97410033,ECU,GER
2006,20 Jun 2006 - 16:00 ,Group A,Costa Rica,1,2,Poland,97410034,CRC,POL
2006,20 Jun 2006 - 21:00 ,Group B,Sweden,2,2,England,97410035,SWE,ENG
2006,20 Jun 2006 - 21:00 ,Group B,Paraguay,2,0,"rn"">Trinidad and Tobago",97410036,PAR,TRI
2006,21 Jun 2006 - 16:00 ,Group D,Iran,1,1,Angola,97410040,IRN,ANG
2006,21 Jun 2006 - 16:00 ,Group D,Portugal,2,1,Mexico,97410039,POR,MEX
2006,21 Jun 2006 - 21:00 ,Group C,Netherlands,0,0,Argentina,97410037,NED,ARG
2006,21 Jun 2006 - 21:00 ,Group C,C�te d'Ivoire,3,2,"rn"">Serbia and Montenegro",97410038,CIV,SCG
2006,22 Jun 2006 - 16:00 ,Group E,Czech Republic,0,2,Italy,97410041,CZE,ITA
2006,22 Jun 2006 - 16:00 ,Group E,Ghana,2,1,USA,97410042,GHA,USA
2006,22 Jun 2006 - 21:00 ,Group F,Japan,1,4,Brazil,97410043,JPN,BRA
2006,22 Jun 2006 - 21:00 ,Group F,Croatia,2,2,Australia,97410044,CRO,AUS
2006,23 Jun 2006 - 16:00 ,Group H,Ukraine,1,0,Tunisia,97410048,UKR,TUN
2006,23 Jun 2006 - 16:00 ,Group H,Saudi Arabia,0,1,Spain,97410047,KSA,ESP
2006,23 Jun 2006 - 21:00 ,Group G,Togo,0,2,France,97410045,TOG,FRA
2006,23 Jun 2006 - 21:00 ,Group G,Switzerland,2,0,Korea Republic,97410046,SUI,KOR
2006,24 Jun 2006 - 17:00 ,Round of 16,Germany,2,0,Sweden,97410049,GER,SWE
2006,24 Jun 2006 - 21:00 ,Round of 16,Argentina,2,1,Mexico,97410050,ARG,MEX
2006,25 Jun 2006 - 17:00 ,Round of 16,England,1,0,Ecuador,97410051,ENG,ECU
2006,25 Jun 2006 - 21:00 ,Round of 16,Portugal,1,0,Netherlands,97410052,POR,NED
2006,26 Jun 2006 - 17:00 ,Round of 16,Italy,1,0,Australia,97410053,ITA,AUS
2006,26 Jun 2006 - 21:00 ,Round of 16,Switzerland,0,0,Ukraine,97410054,SUI,UKR
2006,27 Jun 2006 - 17:00 ,Round of 16,Brazil,3,0,Ghana,97410055,BRA,GHA
2006,27 Jun 2006 - 21:00 ,Round of 16,Spain,1,3,France,97410056,ESP,FRA
2006,30 Jun 2006 - 17:00 ,Quarter-finals,Germany,1,1,Argentina,97410057,GER,ARG
2006,30 Jun 2006 - 21:00 ,Quarter-finals,Italy,3,0,Ukraine,97410058,ITA,UKR
2006,01 Jul 2006 - 17:00 ,Quarter-finals,England,0,0,Portugal,97410059,ENG,POR
2006,01 Jul 2006 - 21:00 ,Quarter-finals,Brazil,0,1,France,97410060,BRA,FRA
2006,04 Jul 2006 - 21:00 ,Semi-finals,Germany,0,2,Italy,97410061,GER,ITA
2006,05 Jul 2006 - 21:00 ,Semi-finals,Portugal,0,1,France,97410062,POR,FRA
2006,08 Jul 2006 - 21:00 ,Third place,Germany,3,1,Portugal,97410063,GER,POR
2006,09 Jul 2006 - 20:00 ,Final,Italy,1,1,France,97410064,ITA,FRA
2010,11 Jun 2010 - 16:00 ,Group A,South Africa,1,1,Mexico,300061454,RSA,MEX
2010,11 Jun 2010 - 20:30 ,Group A,Uruguay,0,0,France,300061453,URU,FRA
2010,12 Jun 2010 - 13:30 ,Group B,Korea Republic,2,0,Greece,300061459,KOR,GRE
2010,12 Jun 2010 - 16:00 ,Group B,Argentina,1,0,Nigeria,300061460,ARG,NGA
2010,12 Jun 2010 - 20:30 ,Group C,England,1,1,USA,300061466,ENG,USA
2010,13 Jun 2010 - 13:30 ,Group C,Algeria,0,1,Slovenia,300061465,ALG,SVN
2010,13 Jun 2010 - 16:00 ,Group D,Serbia,0,1,Ghana,300061471,SRB,GHA
2010,13 Jun 2010 - 20:30 ,Group D,Germany,4,0,Australia,300111116,GER,AUS
2010,14 Jun 2010 - 13:30 ,Group E,Netherlands,2,0,Denmark,300061478,NED,DEN
2010,14 Jun 2010 - 16:00 ,Group E,Japan,1,0,Cameroon,300061477,JPN,CMR
2010,14 Jun 2010 - 20:30 ,Group F,Italy,1,1,Paraguay,300061484,ITA,PAR
2010,15 Jun 2010 - 13:30 ,Group F,New Zealand,1,1,Slovakia,300061483,NZL,SVK
2010,15 Jun 2010 - 16:00 ,Group G,C�te d'Ivoire,0,0,Portugal,300061489,CIV,POR
2010,15 Jun 2010 - 20:30 ,Group G,Brazil,2,1,Korea DPR,300061490,BRA,PRK
2010,16 Jun 2010 - 13:30 ,Group H,Honduras,0,1,Chile,300061495,HON,CHI
2010,16 Jun 2010 - 16:00 ,Group H,Spain,0,1,Switzerland,300111112,ESP,SUI
2010,16 Jun 2010 - 20:30 ,Group A,South Africa,0,3,Uruguay,300061452,RSA,URU
2010,17 Jun 2010 - 13:30 ,Group B,Argentina,4,1,Korea Republic,300061458,ARG,KOR
2010,17 Jun 2010 - 16:00 ,Group B,Greece,2,1,Nigeria,300061457,GRE,NGA
2010,17 Jun 2010 - 20:30 ,Group A,France,0,2,Mexico,300061451,FRA,MEX
2010,18 Jun 2010 - 13:30 ,Group D,Germany,0,1,Serbia,300061470,GER,SRB
2010,18 Jun 2010 - 16:00 ,Group C,Slovenia,2,2,USA,300061463,SVN,USA
2010,18 Jun 2010 - 20:30 ,Group C,England,0,0,Algeria,300061464,ENG,ALG
2010,19 Jun 2010 - 13:30 ,Group E,Netherlands,1,0,Japan,300111117,NED,JPN
2010,19 Jun 2010 - 16:00 ,Group D,Ghana,1,1,Australia,300061469,GHA,AUS
2010,19 Jun 2010 - 20:30 ,Group E,Cameroon,1,2,Denmark,300061475,CMR,DEN
2010,20 Jun 2010 - 13:30 ,Group F,Slovakia,0,2,Paraguay,300061481,SVK,PAR
2010,20 Jun 2010 - 16:00 ,Group F,Italy,1,1,New Zealand,300061482,ITA,NZL
2010,20 Jun 2010 - 20:30 ,Group G,Brazil,3,1,C�te d'Ivoire,300061488,BRA,CIV
2010,21 Jun 2010 - 13:30 ,Group G,Portugal,7,0,Korea DPR,300061487,POR,PRK
2010,21 Jun 2010 - 16:00 ,Group H,Chile,1,0,Switzerland,300061493,CHI,SUI
2010,21 Jun 2010 - 20:30 ,Group H,Spain,2,0,Honduras,300061494,ESP,HON
2010,22 Jun 2010 - 16:00 ,Group A,Mexico,0,1,Uruguay,300061450,MEX,URU
2010,22 Jun 2010 - 16:00 ,Group A,France,1,2,South Africa,300061449,FRA,RSA
2010,22 Jun 2010 - 20:30 ,Group B,Nigeria,2,2,Korea Republic,300111115,NGA,KOR
2010,22 Jun 2010 - 20:30 ,Group B,Greece,0,2,Argentina,300061455,GRE,ARG
2010,23 Jun 2010 - 16:00 ,Group C,Slovenia,0,1,England,300061462,SVN,ENG
2010,23 Jun 2010 - 16:00 ,Group C,USA,1,0,Algeria,300061461,USA,ALG
2010,23 Jun 2010 - 20:30 ,Group D,Ghana,0,1,Germany,300061468,GHA,GER
2010,23 Jun 2010 - 20:30 ,Group D,Australia,2,1,Serbia,300061467,AUS,SRB
2010,24 Jun 2010 - 16:00 ,Group F,Slovakia,3,2,Italy,300061480,SVK,ITA
2010,24 Jun 2010 - 16:00 ,Group F,Paraguay,0,0,New Zealand,300061479,PAR,NZL
2010,24 Jun 2010 - 20:30 ,Group E,Denmark,1,3,Japan,300061474,DEN,JPN
2010,24 Jun 2010 - 20:30 ,Group E,Cameroon,1,2,Netherlands,300061473,CMR,NED
2010,25 Jun 2010 - 16:00 ,Group G,Portugal,0,0,Brazil,300111111,POR,BRA
2010,25 Jun 2010 - 16:00 ,Group G,Korea DPR,0,3,C�te d'Ivoire,300061486,PRK,CIV
2010,25 Jun 2010 - 20:30 ,Group H,Chile,1,2,Spain,300061491,CHI,ESP
2010,25 Jun 2010 - 20:30 ,Group H,Switzerland,0,0,Honduras,300061492,SUI,HON
2010,26 Jun 2010 - 16:00 ,Round of 16,Uruguay,2,1,Korea Republic,300061504,URU,KOR
2010,26 Jun 2010 - 20:30 ,Round of 16,USA,1,2,Ghana,300061503,USA,GHA
2010,27 Jun 2010 - 16:00 ,Round of 16,Germany,4,1,England,300061501,GER,ENG
2010,27 Jun 2010 - 20:30 ,Round of 16,Argentina,3,1,Mexico,300061502,ARG,MEX
2010,28 Jun 2010 - 16:00 ,Round of 16,Netherlands,2,1,Slovakia,300111113,NED,SVK
2010,28 Jun 2010 - 20:30 ,Round of 16,Brazil,3,0,Chile,300061500,BRA,CHI
2010,29 Jun 2010 - 16:00 ,Round of 16,Paraguay,0,0,Japan,300061497,PAR,JPN
2010,29 Jun 2010 - 20:30 ,Round of 16,Spain,1,0,Portugal,300061498,ESP,POR
2010,02 Jul 2010 - 16:00 ,Quarter-finals,Netherlands,2,1,Brazil,300061507,NED,BRA
2010,02 Jul 2010 - 20:30 ,Quarter-finals,Uruguay,1,1,Ghana,300061508,URU,GHA
2010,03 Jul 2010 - 16:00 ,Quarter-finals,Argentina,0,4,Germany,300061505,ARG,GER
2010,03 Jul 2010 - 20:30 ,Quarter-finals,Paraguay,0,1,Spain,300061506,PAR,ESP
2010,06 Jul 2010 - 20:30 ,Semi-finals,Uruguay,2,3,Netherlands,300061512,URU,NED
2010,07 Jul 2010 - 20:30 ,Semi-finals,Germany,0,1,Spain,300111114,GER,ESP
2010,10 Jul 2010 - 20:30 ,Match for third place,Uruguay,2,3,Germany,300061510,URU,GER
2010,11 Jul 2010 - 20:30 ,Final,Netherlands,0,1,Spain,300061509,NED,ESP
2014,12 Jun 2014 - 17:00 ,Group A,Brazil,3,1,Croatia,300186456,BRA,CRO
2014,13 Jun 2014 - 13:00 ,Group A,Mexico,1,0,Cameroon,300186492,MEX,CMR
2014,13 Jun 2014 - 16:00 ,Group B,Spain,1,5,Netherlands,300186510,ESP,NED
2014,13 Jun 2014 - 18:00 ,Group B,Chile,3,1,Australia,300186473,CHI,AUS
2014,14 Jun 2014 - 13:00 ,Group C,Colombia,3,0,Greece,300186471,COL,GRE
2014,14 Jun 2014 - 16:00 ,Group D,Uruguay,1,3,Costa Rica,300186489,URU,CRC
2014,14 Jun 2014 - 18:00 ,Group D,England,1,2,Italy,300186513,ENG,ITA
2014,14 Jun 2014 - 22:00 ,Group C,C�te d'Ivoire,2,1,Japan,300186507,CIV,JPN
2014,15 Jun 2014 - 13:00 ,Group E,Switzerland,2,1,Ecuador,300186494,SUI,ECU
2014,15 Jun 2014 - 16:00 ,Group E,France,3,0,Honduras,300186496,FRA,HON
2014,15 Jun 2014 - 19:00 ,Group F,Argentina,2,1,"rn"">Bosnia and Herzegovina",300186477,ARG,BIH
2014,16 Jun 2014 - 13:00 ,Group G,Germany,4,0,Portugal,300186475,GER,POR
2014,16 Jun 2014 - 16:00 ,Group F,IR Iran,0,0,Nigeria,300186505,IRN,NGA
2014,16 Jun 2014 - 19:00 ,Group G,Ghana,1,2,USA,300186512,GHA,USA
2014,17 Jun 2014 - 13:00 ,Group H,Belgium,2,1,Algeria,300186479,BEL,ALG
2014,17 Jun 2014 - 16:00 ,Group A,Brazil,0,0,Mexico,300186509,BRA,MEX
2014,17 Jun 2014 - 18:00 ,Group H,Russia,1,1,Korea Republic,300186499,RUS,KOR
2014,18 Jun 2014 - 13:00 ,Group B,Australia,2,3,Netherlands,300186478,AUS,NED
2014,18 Jun 2014 - 16:00 ,Group B,Spain,0,2,Chile,300186498,ESP,CHI
2014,18 Jun 2014 - 18:00 ,Group A,Cameroon,0,4,Croatia,300186453,CMR,CRO
2014,19 Jun 2014 - 13:00 ,Group C,Colombia,2,1,C�te d'Ivoire,300186468,COL,CIV
2014,19 Jun 2014 - 16:00 ,Group D,Uruguay,2,1,England,300186486,URU,ENG
2014,19 Jun 2014 - 19:00 ,Group C,Japan,0,0,Greece,300186454,JPN,GRE
2014,20 Jun 2014 - 13:00 ,Group D,Italy,0,1,Costa Rica,300186500,ITA,CRC
2014,20 Jun 2014 - 16:00 ,Group E,Switzerland,2,5,France,300186514,SUI,FRA
2014,20 Jun 2014 - 19:00 ,Group E,Honduras,1,2,Ecuador,300186463,HON,ECU
2014,21 Jun 2014 - 13:00 ,Group F,Argentina,1,0,IR Iran,300186466,ARG,IRN
2014,21 Jun 2014 - 16:00 ,Group G,Germany,2,2,Ghana,300186493,GER,GHA
2014,21 Jun 2014 - 18:00 ,Group F,Nigeria,1,0,"rn"">Bosnia and Herzegovina",300186511,NGA,BIH
2014,22 Jun 2014 - 13:00 ,Group H,Belgium,1,0,Russia,300186481,BEL,RUS
2014,22 Jun 2014 - 16:00 ,Group H,Korea Republic,2,4,Algeria,300186495,KOR,ALG
2014,22 Jun 2014 - 18:00 ,Group G,USA,2,2,Portugal,300186483,USA,POR
2014,23 Jun 2014 - 13:00 ,Group B,Australia,0,3,Spain,300186467,AUS,ESP
2014,23 Jun 2014 - 13:00 ,Group B,Netherlands,2,0,Chile,300186470,NED,CHI
2014,23 Jun 2014 - 17:00 ,Group A,Cameroon,1,4,Brazil,300186472,CMR,BRA
2014,23 Jun 2014 - 17:00 ,Group A,Croatia,1,3,Mexico,300186452,CRO,MEX
2014,24 Jun 2014 - 13:00 ,Group D,Italy,0,1,Uruguay,300186465,ITA,URU
2014,24 Jun 2014 - 13:00 ,Group D,Costa Rica,0,0,England,300186484,CRC,ENG
2014,24 Jun 2014 - 16:00 ,Group C,Japan,1,4,Colombia,300186457,JPN,COL
2014,24 Jun 2014 - 17:00 ,Group C,Greece,2,1,C�te d'Ivoire,300186455,GRE,CIV
2014,25 Jun 2014 - 13:00 ,Group F,Nigeria,2,3,Argentina,300186458,NGA,ARG
2014,25 Jun 2014 - 13:00 ,Group F,"rn"">Bosnia and Herzegovina",3,1,IR Iran,300186464,BIH,IRN
2014,25 Jun 2014 - 16:00 ,Group E,Honduras,0,3,Switzerland,300186482,HON,SUI
2014,25 Jun 2014 - 17:00 ,Group E,Ecuador,0,0,France,300186515,ECU,FRA
2014,26 Jun 2014 - 13:00 ,Group G,USA,0,1,Germany,300186469,USA,GER
2014,26 Jun 2014 - 13:00 ,Group G,Portugal,2,1,Ghana,300186476,POR,GHA
2014,26 Jun 2014 - 17:00 ,Group H,Korea Republic,0,1,Belgium,300186480,KOR,BEL
2014,26 Jun 2014 - 17:00 ,Group H,Algeria,1,1,Russia,300186506,ALG,RUS
2014,28 Jun 2014 - 13:00 ,Round of 16,Brazil,1,1,Chile,300186487,BRA,CHI
2014,28 Jun 2014 - 17:00 ,Round of 16,Colombia,2,0,Uruguay,300186491,COL,URU
2014,30 Jun 2014 - 13:00 ,Round of 16,France,2,0,Nigeria,300186462,FRA,NGA
2014,30 Jun 2014 - 17:00 ,Round of 16,Germany,2,1,Algeria,300186460,GER,ALG
2014,04 Jul 2014 - 17:00 ,Quarter-finals,Brazil,2,1,Colombia,300186461,BRA,COL
2014,04 Jul 2014 - 13:00 ,Quarter-finals,France,0,1,Germany,300186485,FRA,GER
2014,08 Jul 2014 - 17:00 ,Semi-finals,Brazil,1,7,Germany,300186474,BRA,GER
2014,12 Jul 2014 - 17:00 ,Play-off for third place,Brazil,0,3,Netherlands,300186502,BRA,NED
2014,13 Jul 2014 - 16:00 ,Final,Germany,1,0,Argentina,300186501,GER,ARG
2014,09 Jul 2014 - 17:00 ,Semi-finals,Netherlands,0,0,Argentina,300186490,NED,ARG
2014,05 Jul 2014 - 17:00 ,Quarter-finals,Netherlands,0,0,Costa Rica,300186488,NED,CRC
2014,05 Jul 2014 - 13:00 ,Quarter-finals,Argentina,1,0,Belgium,300186504,ARG,BEL
2014,29 Jun 2014 - 13:00 ,Round of 16,Netherlands,2,1,Mexico,300186508,NED,MEX
2014,29 Jun 2014 - 17:00 ,Round of 16,Costa Rica,1,1,Greece,300186459,CRC,GRE
2014,01 Jul 2014 - 13:00 ,Round of 16,Argentina,1,0,Switzerland,300186503,ARG,SUI
2014,01 Jul 2014 - 17:00 ,Round of 16,Belgium,2,1,USA,300186497,BEL,USA
2014,28 Jun 2014 - 13:00 ,Round of 16,Brazil,1,1,Chile,300186487,BRA,CHI
2014,28 Jun 2014 - 17:00 ,Round of 16,Colombia,2,0,Uruguay,300186491,COL,URU
2014,29 Jun 2014 - 13:00 ,Round of 16,Netherlands,2,1,Mexico,300186508,NED,MEX
2014,29 Jun 2014 - 17:00 ,Round of 16,Costa Rica,1,1,Greece,300186459,CRC,GRE
2014,30 Jun 2014 - 13:00 ,Round of 16,France,2,0,Nigeria,300186462,FRA,NGA
2014,30 Jun 2014 - 17:00 ,Round of 16,Germany,2,1,Algeria,300186460,GER,ALG
2014,01 Jul 2014 - 13:00 ,Round of 16,Argentina,1,0,Switzerland,300186503,ARG,SUI
2014,01 Jul 2014 - 17:00 ,Round of 16,Belgium,2,1,USA,300186497,BEL,USA
2014,04 Jul 2014 - 13:00 ,Quarter-finals,France,0,1,Germany,300186485,FRA,GER
2014,04 Jul 2014 - 17:00 ,Quarter-finals,Brazil,2,1,Colombia,300186461,BRA,COL
2014,05 Jul 2014 - 13:00 ,Quarter-finals,Argentina,1,0,Belgium,300186504,ARG,BEL
2014,05 Jul 2014 - 17:00 ,Quarter-finals,Netherlands,0,0,Costa Rica,300186488,NED,CRC
2014,08 Jul 2014 - 17:00 ,Semi-finals,Brazil,1,7,Germany,300186474,BRA,GER
2014,09 Jul 2014 - 17:00 ,Semi-finals,Netherlands,0,0,Argentina,300186490,NED,ARG
2014,12 Jul 2014 - 17:00 ,Play-off for third place,Brazil,0,3,Netherlands,300186502,BRA,NED
2014,13 Jul 2014 - 16:00 ,Final,Germany,1,0,Argentina,300186501,GER,ARG
